book,open_date,pnl,prediction,fold,keep
CALLS_0DTE_11,2023-01-25,-2375.0,-3805.9126902372673,1,False
CALLS_0DTE_11,2023-01-26,-2335.0,-5473.224847564136,1,False
CALLS_0DTE_11,2023-01-27,-351.0,-3514.498562036855,1,False
CALLS_0DTE_11,2023-01-30,-410.0,-4731.294870549575,1,False
CALLS_0DTE_11,2023-01-31,-1825.0,-983.5457682300876,1,False
CALLS_0DTE_11,2023-02-01,-3376.0,-3475.6525982112835,1,False
CALLS_0DTE_11,2023-02-02,685.0,-4460.331602405579,1,False
CALLS_0DTE_11,2023-02-03,660.0,-2729.0813438181353,1,False
CALLS_0DTE_11,2023-02-06,-5355.0,-3761.283280367439,1,False
CALLS_0DTE_11,2023-02-07,-3875.0,-3511.4497759896676,1,False
CALLS_0DTE_11,2023-02-08,630.0,-3205.3507409179106,1,False
CALLS_0DTE_11,2023-02-09,630.0,-5406.9065024664615,1,False
CALLS_0DTE_11,2023-02-10,224.0,-1032.1625873515472,1,False
CALLS_0DTE_11,2023-02-13,-5505.0,-4416.176679486026,1,False
CALLS_0DTE_11,2023-02-14,-328.0,-1935.2983885229507,1,False
CALLS_0DTE_11,2023-02-15,-2055.0,-3654.533107326018,1,False
CALLS_0DTE_11,2023-02-16,570.0,-2809.1313065793825,1,False
CALLS_0DTE_11,2023-02-17,-674.0,-2217.6760132540826,1,False
CALLS_0DTE_11,2023-02-21,595.0,-3098.2057661806616,1,False
CALLS_0DTE_11,2023-02-22,825.0,-1251.1290105683133,1,False
CALLS_0DTE_11,2023-02-23,-77.0,-5568.42571160564,1,False
CALLS_0DTE_11,2023-02-24,-794.0,-2110.531038516833,1,False
CALLS_0DTE_11,2023-02-27,-4540.0,-5316.881483703576,1,False
CALLS_0DTE_11,2023-02-28,580.0,-1217.0659098135577,1,False
CALLS_0DTE_11,2023-03-01,580.0,-1234.7290472952536,1,False
CALLS_0DTE_11,2023-03-02,-1965.0,-3423.126417777998,1,False
CALLS_0DTE_11,2023-03-03,-1820.0,-6846.192308027464,1,False
CALLS_0DTE_11,2023-03-06,-5050.0,-5433.903711686803,1,False
CALLS_0DTE_11,2023-03-07,785.0,-3172.845783297128,1,False
CALLS_0DTE_11,2023-03-08,545.0,-1234.7290472952536,1,False
CALLS_0DTE_11,2023-03-09,465.0,-4641.000804125054,1,False
CALLS_0DTE_11,2023-03-10,880.0,-31.46299831432994,1,False
CALLS_0DTE_11,2023-03-13,92.0,-5192.8438854047345,1,False
CALLS_0DTE_11,2023-03-14,755.0,-2943.5760860096357,1,False
CALLS_0DTE_11,2023-03-15,-803.0,-1531.360810596224,1,False
CALLS_0DTE_11,2023-03-16,-2640.0,-3418.917753328779,1,False
CALLS_0DTE_11,2023-03-17,805.0,-999.5681441340778,1,False
CALLS_0DTE_11,2023-03-20,3593.0,563.5961010518848,1,False
CALLS_0DTE_11,2023-03-21,-1197.0,-2793.317628937471,1,False
CALLS_0DTE_11,2023-03-22,1630.0,-1110.8519454156133,1,False
CALLS_0DTE_11,2023-03-23,720.0,-4482.664959085561,1,False
CALLS_0DTE_11,2023-03-24,-2119.0,-164.20657317146615,1,False
CALLS_0DTE_11,2023-03-27,6227.0,-4511.361444163416,1,False
CALLS_0DTE_11,2023-03-28,468.0,-2002.592784530126,1,False
CALLS_0DTE_11,2023-03-29,-1276.0,-4506.78938758274,1,False
CALLS_0DTE_11,2023-03-30,495.0,-4600.320565785896,1,False
CALLS_0DTE_11,2023-03-31,-1505.0,-6807.140509912478,1,False
CALLS_0DTE_11,2023-04-03,-2618.0,-1126.024500940187,1,False
CALLS_0DTE_11,2023-04-04,575.0,-3172.845783297128,1,False
CALLS_0DTE_11,2023-04-05,-535.0,-2202.834193114996,1,False
CALLS_0DTE_11,2023-04-06,-1445.0,-1971.0955663013344,1,False
CALLS_0DTE_11,2023-04-10,-1816.0,-2836.428444208683,1,False
CALLS_0DTE_11,2023-04-11,530.0,-1938.590608680552,1,False
CALLS_0DTE_11,2023-04-12,720.0,-5564.399913859481,1,False
CALLS_0DTE_11,2023-04-13,-1520.0,-6895.568563311066,1,False
CALLS_0DTE_11,2023-04-14,540.0,-2045.3407817219743,1,False
CALLS_0DTE_11,2023-04-17,-3510.0,-1209.5729811229444,1,False
CALLS_0DTE_11,2023-04-18,-2.0,-5590.759068285622,1,False
CALLS_0DTE_11,2023-04-19,-12.0,-2715.600128376231,1,False
CALLS_0DTE_11,2023-04-20,385.0,-2826.7944440610786,1,False
CALLS_0DTE_11,2023-04-21,-372.0,-2002.592784530126,1,False
CALLS_0DTE_11,2023-04-24,-4155.0,-1209.5729811229444,1,False
CALLS_0DTE_11,2023-04-25,420.0,-3205.3507409179106,1,False
CALLS_0DTE_11,2023-04-26,430.0,-5364.15850527461,1,False
CALLS_0DTE_11,2023-04-27,-610.0,-6846.192308027464,1,False
CALLS_0DTE_11,2023-04-28,-1383.0,-1071.9738216286753,1,False
CALLS_0DTE_11,2023-05-01,-3795.0,-1165.504999831828,1,False
CALLS_0DTE_11,2023-05-02,-393.0,-3172.845783297128,1,False
CALLS_0DTE_11,2023-05-03,1105.0,-2045.3407817219743,1,False
CALLS_0DTE_11,2023-05-04,740.0,-3199.2049377232684,1,False
CALLS_0DTE_11,2023-05-05,-540.0,-6757.764254628875,1,False
CALLS_0DTE_11,2023-05-08,2175.0,-1209.5729811229444,1,False
CALLS_0DTE_11,2023-05-09,375.0,-1249.5708674343402,1,False
CALLS_0DTE_11,2023-05-10,-684.0,-5590.759068285622,1,False
CALLS_0DTE_11,2023-05-11,-535.0,-1984.92964704843,1,False
CALLS_0DTE_11,2023-05-12,415.0,-5408.864541359927,1,False
CALLS_0DTE_11,2023-05-15,-2232.0,-1128.1067881910806,1,False
CALLS_0DTE_11,2023-05-16,505.0,-2027.6776442402784,1,False
CALLS_0DTE_11,2023-05-17,-590.0,-6897.753218009192,1,False
CALLS_0DTE_11,2023-05-18,-910.0,-983.5457682300876,1,False
CALLS_0DTE_11,2023-05-19,550.0,-4543.482856671556,1,False
CALLS_0DTE_11,2023-05-22,-1418.0,-1127.9788742538312,1,False
CALLS_0DTE_11,2023-05-23,380.0,-3947.042290548988,1,False
CALLS_0DTE_11,2023-05-24,676.0,-1467.6244225892556,2,False
CALLS_0DTE_11,2023-05-25,332.0,-3469.78884111314,2,False
CALLS_0DTE_11,2023-05-26,490.0,-6615.4473477696165,2,False
CALLS_0DTE_11,2023-05-30,500.0,-3798.754369157667,2,False
CALLS_0DTE_11,2023-05-31,395.0,-1978.9353525075956,2,False
CALLS_0DTE_11,2023-06-01,-1515.0,-3390.101030947256,2,False
CALLS_0DTE_11,2023-06-02,-252.0,-2883.408516985132,2,False
CALLS_0DTE_11,2023-06-05,11059.0,-4716.83924745387,2,False
CALLS_0DTE_11,2023-06-06,375.0,-2459.485145852963,2,False
CALLS_0DTE_11,2023-06-07,395.0,-2371.5875890911216,2,False
CALLS_0DTE_11,2023-06-08,-565.0,-2679.8358947497645,2,False
CALLS_0DTE_11,2023-06-09,360.0,-2052.1829220998698,2,False
CALLS_0DTE_11,2023-06-12,614.0,-3703.616544524252,2,False
CALLS_0DTE_11,2023-06-13,420.0,-2273.351363499694,2,False
CALLS_0DTE_11,2023-06-14,920.0,-2101.972261645728,2,False
CALLS_0DTE_11,2023-06-15,-1560.0,-3007.1436494380127,2,False
CALLS_0DTE_11,2023-06-16,395.0,-3674.217123006518,2,False
CALLS_0DTE_11,2023-06-20,-456.0,-2292.6539931550824,2,False
CALLS_0DTE_11,2023-06-21,440.0,-3758.44384548706,2,False
CALLS_0DTE_11,2023-06-22,-1199.0,-2656.5840321751903,2,False
CALLS_0DTE_11,2023-06-23,465.0,-3626.3274034552855,2,False
CALLS_0DTE_11,2023-06-26,3334.0,-2712.3102740028917,2,False
CALLS_0DTE_11,2023-06-27,-640.0,-3437.4812076638236,2,False
CALLS_0DTE_11,2023-06-28,375.0,-2831.9599649184283,2,False
CALLS_0DTE_11,2023-06-29,-729.0,-2687.086643349903,2,False
CALLS_0DTE_11,2023-06-30,67.0,-1957.0937509944997,2,False
CALLS_0DTE_11,2023-07-03,-334.0,-2413.9488568191405,2,False
CALLS_0DTE_11,2023-07-05,450.0,-2221.184071830737,2,False
CALLS_0DTE_11,2023-07-06,-1584.0,-3577.112392680252,2,False
CALLS_0DTE_11,2023-07-07,480.0,-2423.277278459146,2,False
CALLS_0DTE_11,2023-07-10,9192.0,-2457.618996153968,2,False
CALLS_0DTE_11,2023-07-11,-615.0,-2444.144213624601,2,False
CALLS_0DTE_11,2023-07-12,370.0,-1740.61349312335,2,False
CALLS_0DTE_11,2023-07-13,-549.0,-2322.5747622224503,2,False
CALLS_0DTE_11,2023-07-14,430.0,-3126.006774653006,2,False
CALLS_0DTE_11,2023-07-17,-3034.0,-2789.1696762008214,2,False
CALLS_0DTE_11,2023-07-18,-580.0,-2786.200087284344,2,False
CALLS_0DTE_11,2023-07-19,490.0,-3210.536142779366,2,False
CALLS_0DTE_11,2023-07-20,420.0,-3365.0647938383345,2,False
CALLS_0DTE_11,2023-07-21,400.0,-2223.3009470629936,2,False
CALLS_0DTE_11,2023-07-24,-3585.0,-2425.4648416311015,2,False
CALLS_0DTE_11,2023-07-25,-381.0,-2665.8417108255476,2,False
CALLS_0DTE_11,2023-07-26,580.0,-3483.909603374054,2,False
CALLS_0DTE_11,2023-07-27,525.0,-3533.251688207995,2,False
CALLS_0DTE_11,2023-07-28,207.0,-2029.060088951865,2,False
CALLS_0DTE_11,2023-07-31,-3245.0,-3036.708367570802,2,False
CALLS_0DTE_11,2023-08-01,242.0,-3415.8507589690876,2,False
CALLS_0DTE_11,2023-08-02,490.0,-3535.3078354997783,2,False
CALLS_0DTE_11,2023-08-03,341.0,-3174.2806294969514,2,False
CALLS_0DTE_11,2023-08-04,415.0,-2022.251665512563,2,False
CALLS_0DTE_11,2023-08-07,-3695.0,-2516.8821911021137,2,False
CALLS_0DTE_11,2023-08-08,-535.0,-3601.2369905921223,2,False
CALLS_0DTE_11,2023-08-09,455.0,-2122.0984746479076,2,False
CALLS_0DTE_11,2023-08-10,740.0,-1679.1129202964707,2,False
CALLS_0DTE_11,2023-08-11,585.0,-2370.191519870993,2,False
CALLS_0DTE_11,2023-08-14,-3765.0,-2109.2835527569923,2,False
CALLS_0DTE_11,2023-08-15,525.0,-3301.9689695195457,2,False
CALLS_0DTE_11,2023-08-16,485.0,-1803.9510082503941,2,False
CALLS_0DTE_11,2023-08-17,465.0,-3607.2470397137604,2,False
CALLS_0DTE_11,2023-08-18,84.0,-2617.5102121583013,2,False
CALLS_0DTE_11,2023-08-21,5566.0,-2659.7437203369113,2,False
CALLS_0DTE_11,2023-08-22,510.0,-3674.217123006518,2,False
CALLS_0DTE_11,2023-08-23,-71.0,-3291.243467283064,2,False
CALLS_0DTE_11,2023-08-24,535.0,-3319.337697805295,2,False
CALLS_0DTE_11,2023-08-25,-2570.0,-3802.574694219937,2,False
CALLS_0DTE_11,2023-08-28,-1461.0,-3053.759633611097,2,False
CALLS_0DTE_11,2023-08-29,-1510.0,-6540.826684964561,2,False
CALLS_0DTE_11,2023-08-30,590.0,-2778.501650397693,2,False
CALLS_0DTE_11,2023-08-31,365.0,-2016.7833147131075,2,False
CALLS_0DTE_11,2023-09-01,425.0,-2208.1182354854777,2,False
CALLS_0DTE_11,2023-09-05,405.0,-3434.588657958098,2,False
CALLS_0DTE_11,2023-09-06,397.0,-3301.9689695195457,2,False
CALLS_0DTE_11,2023-09-07,301.0,-2523.277117870403,2,False
CALLS_0DTE_11,2023-09-08,510.0,-2016.7833147131075,2,False
CALLS_0DTE_11,2023-09-11,-3405.0,-2336.0190884118692,2,False
CALLS_0DTE_11,2023-09-12,390.0,-2414.7929047744024,2,False
CALLS_0DTE_11,2023-09-13,380.0,-2016.7833147131075,2,False
CALLS_0DTE_11,2023-09-14,-545.0,-2227.3049995604306,2,False
CALLS_0DTE_11,2023-09-15,435.0,-3301.9689695195457,2,False
CALLS_0DTE_11,2023-09-18,-3545.0,-2096.5114724484365,2,False
CALLS_0DTE_11,2023-09-19,-665.0,-2321.694275128834,2,False
CALLS_0DTE_11,2023-09-20,860.0,-3205.192360339178,2,False
CALLS_0DTE_11,2023-09-21,465.0,-2291.9810747630413,2,False
CALLS_0DTE_11,2023-09-22,405.0,-1779.0512612849095,3,False
CALLS_0DTE_11,2023-09-25,-4385.0,-2207.2341441299204,3,False
CALLS_0DTE_11,2023-09-26,765.0,-1010.2651572818108,3,False
CALLS_0DTE_11,2023-09-27,575.0,-3708.225173126972,3,False
CALLS_0DTE_11,2023-09-28,250.0,-2390.9668849541713,3,False
CALLS_0DTE_11,2023-09-29,750.0,-618.9833759577716,3,False
CALLS_0DTE_11,2023-10-02,1861.0,-779.3706385805059,3,False
CALLS_0DTE_11,2023-10-03,675.0,-2918.7028730840934,3,False
CALLS_0DTE_11,2023-10-04,-2250.0,-3862.4001467061576,3,False
CALLS_0DTE_11,2023-10-05,-1224.0,-2055.3713967569493,3,False
CALLS_0DTE_11,2023-10-06,-2365.0,-1642.479173934874,3,False
CALLS_0DTE_11,2023-10-09,-4505.0,-5819.02981395904,3,False
CALLS_0DTE_11,2023-10-10,475.0,-2731.174748609073,3,False
CALLS_0DTE_11,2023-10-11,405.0,-1846.796257756504,3,False
CALLS_0DTE_11,2023-10-12,570.0,-486.3068236944096,3,False
CALLS_0DTE_11,2023-10-13,605.0,254.84956161359716,3,False
CALLS_0DTE_11,2023-10-16,-4130.0,-4589.832375843852,3,False
CALLS_0DTE_11,2023-10-17,310.0,-2338.7632483192747,3,False
CALLS_0DTE_11,2023-10-18,695.0,-672.9825224144703,3,False
CALLS_0DTE_11,2023-10-19,875.0,-1300.0705009202068,3,False
CALLS_0DTE_11,2023-10-20,780.0,-831.6439765692184,3,False
CALLS_0DTE_11,2023-10-23,3618.0,-1391.1345242086118,3,False
CALLS_0DTE_11,2023-10-24,585.0,-1612.8336119960288,3,False
CALLS_0DTE_11,2023-10-25,705.0,-893.2100962184348,3,False
CALLS_0DTE_11,2023-10-26,830.0,163.32523086191574,3,False
CALLS_0DTE_11,2023-10-27,665.0,-882.0011498429492,3,False
CALLS_0DTE_11,2023-10-30,11750.0,-5650.015815501502,3,False
CALLS_0DTE_11,2023-10-31,-860.0,-2270.5861041455087,3,False
CALLS_0DTE_11,2023-11-01,569.0,-2783.405352402925,3,False
CALLS_0DTE_11,2023-11-02,-333.0,-4515.531573484526,3,False
CALLS_0DTE_11,2023-11-03,-339.0,-2008.7302018189562,3,False
CALLS_0DTE_11,2023-11-06,10639.0,-1346.0667701415937,3,False
CALLS_0DTE_11,2023-11-07,490.0,-2557.431843336981,3,False
CALLS_0DTE_11,2023-11-08,207.0,-2054.9980178785677,3,False
CALLS_0DTE_11,2023-11-09,460.0,-1472.8685325146519,3,False
CALLS_0DTE_11,2023-11-10,-610.0,-2572.055131315733,3,False
CALLS_0DTE_11,2023-11-13,10269.0,-2748.586059625954,3,False
CALLS_0DTE_11,2023-11-14,385.0,-4248.581398125629,3,False
CALLS_0DTE_11,2023-11-15,415.0,-2861.9387452147475,3,False
CALLS_0DTE_11,2023-11-16,-319.0,-1539.6753713399378,3,False
CALLS_0DTE_11,2023-11-17,73.0,-3354.373243942924,3,False
CALLS_0DTE_11,2023-11-20,-2105.0,-5581.280805038271,3,False
CALLS_0DTE_11,2023-11-21,141.0,-1486.5216006671435,3,False
CALLS_0DTE_11,2023-11-22,-252.0,-1456.4232512999995,3,False
CALLS_0DTE_11,2023-11-24,-89.0,-1372.2154326974367,3,False
CALLS_0DTE_11,2023-11-27,-236.0,-459.36622139447854,3,False
CALLS_0DTE_11,2023-11-28,445.0,-2625.3610488946715,3,False
CALLS_0DTE_11,2023-11-29,410.0,598.7003737772686,3,True
CALLS_0DTE_11,2023-11-30,-775.0,-568.1184045135375,3,False
CALLS_0DTE_11,2023-12-01,-1798.0,-1844.295306622517,3,False
CALLS_0DTE_11,2023-12-04,11195.0,-1639.0719061353261,3,False
CALLS_0DTE_11,2023-12-05,430.0,-2162.824482364725,3,False
CALLS_0DTE_11,2023-12-06,380.0,-615.6974472982628,3,False
CALLS_0DTE_11,2023-12-07,-129.0,-2183.937469966922,3,False
CALLS_0DTE_11,2023-12-08,495.0,-1859.4748531409605,3,False
CALLS_0DTE_11,2023-12-11,8860.0,-1894.606371471415,3,False
CALLS_0DTE_11,2023-12-12,-640.0,-2315.877932567592,3,False
CALLS_0DTE_11,2023-12-13,-2240.0,-2582.003780460733,3,False
CALLS_0DTE_11,2023-12-14,460.0,-947.8102495015667,3,False
CALLS_0DTE_11,2023-12-15,345.0,-403.4095723154595,3,False
CALLS_0DTE_11,2023-12-18,10.0,-3383.160562383417,3,False
CALLS_0DTE_11,2023-12-19,-442.0,-2253.4254044650056,3,False
CALLS_0DTE_11,2023-12-20,395.0,-282.71973875544984,3,False
CALLS_0DTE_11,2023-12-21,-500.0,-1527.5881375999247,3,False
CALLS_0DTE_11,2023-12-22,495.0,-2006.5216507065018,3,False
CALLS_0DTE_11,2023-12-26,-35.0,-2595.815303452146,3,False
CALLS_0DTE_11,2023-12-27,-158.0,-1480.589728439351,3,False
CALLS_0DTE_11,2023-12-28,370.0,-1631.577016430729,3,False
CALLS_0DTE_11,2023-12-29,485.0,-1426.6081644605717,3,False
CALLS_0DTE_11,2024-01-02,-398.0,-2325.98635515466,3,False
CALLS_0DTE_11,2024-01-03,565.0,-3081.1509461871633,3,False
CALLS_0DTE_11,2024-01-04,440.0,-2106.728631717982,3,False
CALLS_0DTE_11,2024-01-05,420.0,-841.5666277423934,3,False
CALLS_0DTE_11,2024-01-08,-1576.0,-5370.489699845313,3,False
CALLS_0DTE_11,2024-01-09,-635.0,-3012.3273393066484,3,False
CALLS_0DTE_11,2024-01-10,-635.0,-2216.0709683340247,3,False
CALLS_0DTE_11,2024-01-11,-974.0,-1564.5694979386415,3,False
CALLS_0DTE_11,2024-01-12,192.0,-662.6212043192776,3,False
CALLS_0DTE_11,2024-01-16,425.0,90.97156371301728,3,False
CALLS_0DTE_11,2024-01-17,605.0,-1623.9820361423413,3,False
CALLS_0DTE_11,2024-01-18,-1184.0,-2896.321383889436,3,False
CALLS_0DTE_11,2024-01-19,-1545.0,-2561.625690632019,3,False
CALLS_0DTE_11,2024-01-22,584.0,-1240.8320064463906,3,False
CALLS_0DTE_11,2024-01-23,-645.0,-3306.570215090415,4,False
CALLS_0DTE_11,2024-01-24,405.0,-424.68401417020436,4,False
CALLS_0DTE_11,2024-01-25,390.0,-589.2808502778139,4,False
CALLS_0DTE_11,2024-01-26,495.0,-2336.2489996358017,4,False
CALLS_0DTE_11,2024-01-29,2406.0,-4528.027951794233,4,False
CALLS_0DTE_11,2024-01-30,475.0,-221.51261339796616,4,False
CALLS_0DTE_11,2024-01-31,950.0,-569.8519491851848,4,False
CALLS_0DTE_11,2024-02-01,-1955.0,-2434.865289876756,4,False
CALLS_0DTE_11,2024-02-02,-545.0,-1655.0812834748167,4,False
CALLS_0DTE_11,2024-02-05,3418.0,-369.4778279002714,4,False
CALLS_0DTE_11,2024-02-06,-3.0,-2218.857687821729,4,False
CALLS_0DTE_11,2024-02-07,-535.0,-1186.5244644115717,4,False
CALLS_0DTE_11,2024-02-08,460.0,-296.6281652449422,4,False
CALLS_0DTE_11,2024-02-09,-640.0,-1757.064516220443,4,False
CALLS_0DTE_11,2024-02-12,2238.0,65.43096103462013,4,False
CALLS_0DTE_11,2024-02-13,530.0,-2302.338733704665,4,False
CALLS_0DTE_11,2024-02-14,-540.0,-3470.926784884506,4,False
CALLS_0DTE_11,2024-02-15,-973.0,-2239.2651966326994,4,False
CALLS_0DTE_11,2024-02-16,610.0,-272.35971472974927,4,False
CALLS_0DTE_11,2024-02-20,605.0,-1606.4194300726697,4,False
CALLS_0DTE_11,2024-02-21,-755.0,-630.673418248619,4,False
CALLS_0DTE_11,2024-02-22,-1525.0,-1753.621112101086,4,False
CALLS_0DTE_11,2024-02-23,465.0,-863.0693809724154,4,False
CALLS_0DTE_11,2024-02-26,4061.0,-2499.0935306430765,4,False
CALLS_0DTE_11,2024-02-27,-388.0,-921.8333922068492,4,False
CALLS_0DTE_11,2024-02-28,370.0,-173.7366317392905,4,False
CALLS_0DTE_11,2024-02-29,-187.0,-602.2167064404941,4,False
CALLS_0DTE_11,2024-03-01,-1258.0,-816.3693174414841,4,False
CALLS_0DTE_11,2024-03-04,-3352.0,-2155.20700204043,4,False
CALLS_0DTE_11,2024-03-05,425.0,-853.6206468724417,4,False
CALLS_0DTE_11,2024-03-06,460.0,-667.7287158617614,4,False
CALLS_0DTE_11,2024-03-07,354.0,-2116.935695425333,4,False
CALLS_0DTE_11,2024-03-08,465.0,498.7012260478396,4,False
CALLS_0DTE_11,2024-03-11,6893.0,-3468.560617281402,4,False
CALLS_0DTE_11,2024-03-12,188.0,-1794.140974396842,4,False
CALLS_0DTE_11,2024-03-13,410.0,-651.6306882274826,4,False
CALLS_0DTE_11,2024-03-14,485.0,44.93095113925706,4,False
CALLS_0DTE_11,2024-03-15,550.0,-324.88641461442944,4,False
CALLS_0DTE_11,2024-03-18,4060.0,-3167.4365157079246,4,False
CALLS_0DTE_11,2024-03-19,-595.0,-1910.989859010578,4,False
CALLS_0DTE_11,2024-03-20,-2342.0,-2005.356887316822,4,False
CALLS_0DTE_11,2024-03-21,505.0,-660.8788887478588,4,False
CALLS_0DTE_11,2024-03-22,480.0,-563.423157540858,4,False
CALLS_0DTE_11,2024-03-25,-3045.0,-2451.905042497932,4,False
CALLS_0DTE_11,2024-03-26,385.0,-716.3834867420147,4,False
CALLS_0DTE_11,2024-03-27,-625.0,-1114.0261586581994,4,False
CALLS_0DTE_11,2024-03-28,390.0,-2153.279263080647,4,False
CALLS_0DTE_11,2024-04-01,-3735.0,-808.204347817482,4,False
CALLS_0DTE_11,2024-04-02,-651.0,-1911.5328659209415,4,False
CALLS_0DTE_11,2024-04-03,470.0,-2601.6183964434454,4,False
CALLS_0DTE_11,2024-04-04,415.0,-128.5122307314569,4,False
CALLS_0DTE_11,2024-04-05,840.0,-5092.243943610067,4,False
CALLS_0DTE_11,2024-04-08,-4220.0,-815.2926750478281,4,False
CALLS_0DTE_11,2024-04-09,-2161.0,-679.8610874223053,4,False
CALLS_0DTE_11,2024-04-10,855.0,-1354.9469620912196,4,False
CALLS_0DTE_11,2024-04-11,-2345.0,-2558.4597682944705,4,False
CALLS_0DTE_11,2024-04-12,870.0,-1898.550307200872,4,False
CALLS_0DTE_11,2024-04-15,-5710.0,-745.2025193869181,4,False
CALLS_0DTE_11,2024-04-16,950.0,-2534.896669592522,4,False
CALLS_0DTE_11,2024-04-17,780.0,-53.61657557083476,4,False
CALLS_0DTE_11,2024-04-18,665.0,13.351232376653137,4,False
CALLS_0DTE_11,2024-04-19,795.0,-79.49258108054468,4,False
CALLS_0DTE_11,2024-04-22,-600.0,-3041.242639054081,4,False
CALLS_0DTE_11,2024-04-23,590.0,-5146.962954010838,4,False
CALLS_0DTE_11,2024-04-24,570.0,-186.42295831834815,4,False
CALLS_0DTE_11,2024-04-25,-2275.0,-2250.462743805595,4,False
CALLS_0DTE_11,2024-04-26,715.0,-2068.620657456145,4,False
CALLS_0DTE_11,2024-04-29,5738.0,-2694.9036157917735,4,False
CALLS_0DTE_11,2024-04-30,530.0,-708.5629049979912,4,False
CALLS_0DTE_11,2024-05-01,1185.0,-2227.1636453432234,4,False
CALLS_0DTE_11,2024-05-02,-1025.0,-2747.0116723558467,4,False
CALLS_0DTE_11,2024-05-03,-659.0,-2986.0904548318563,4,False
CALLS_0DTE_11,2024-05-06,8510.0,-1874.0206406026716,4,False
CALLS_0DTE_11,2024-05-07,465.0,-40.07167989414381,4,False
CALLS_0DTE_11,2024-05-08,385.0,-1648.0673116707956,4,False
CALLS_0DTE_11,2024-05-09,-478.0,-848.8186670120175,4,False
CALLS_0DTE_11,2024-05-10,112.0,-1988.0526989383377,4,False
CALLS_0DTE_11,2024-05-13,-531.0,-1986.3430584821601,4,False
CALLS_0DTE_11,2024-05-14,-718.0,-1794.28895590333,4,False
CALLS_0DTE_11,2024-05-15,-1475.0,-1226.4993203483175,4,False
CALLS_0DTE_11,2024-05-16,365.0,244.84786427339498,4,False
CALLS_0DTE_11,2024-05-17,103.0,-709.5457221631282,4,False
CALLS_0DTE_11,2024-05-20,-3385.0,-2521.242243852493,4,False
CALLS_0DTE_11,2024-05-21,-246.0,-2299.637073746067,5,False
CALLS_0DTE_11,2024-05-22,405.0,144.64807248658346,5,False
CALLS_0DTE_11,2024-05-23,680.0,-3084.9624285439068,5,False
CALLS_0DTE_11,2024-05-24,445.0,-1759.679131610851,5,False
CALLS_0DTE_11,2024-05-28,500.0,-390.1775320887106,5,False
CALLS_0DTE_11,2024-05-29,450.0,-584.1303999088557,5,False
CALLS_0DTE_11,2024-05-31,-1980.0,-2797.0589538755285,5,False
CALLS_0DTE_11,2024-06-03,10779.0,-611.3764218885649,5,False
CALLS_0DTE_11,2024-06-04,-1064.0,-384.40606950806443,5,False
CALLS_0DTE_11,2024-06-05,-1555.0,-2025.5478125309394,5,False
CALLS_0DTE_11,2024-06-06,555.0,-656.2701194593393,5,False
CALLS_0DTE_11,2024-06-07,590.0,-2399.3114792010815,5,False
CALLS_0DTE_11,2024-06-10,6792.0,-2395.1943538450037,5,False
CALLS_0DTE_11,2024-06-11,-620.0,-2016.7788987700528,5,False
CALLS_0DTE_11,2024-06-12,875.0,-1460.2667881280906,5,False
CALLS_0DTE_11,2024-06-13,-834.0,-1807.3186497995957,5,False
CALLS_0DTE_11,2024-06-14,-230.0,-259.7086011206765,5,False
CALLS_0DTE_11,2024-06-17,-3280.0,-5740.491661211196,5,False
CALLS_0DTE_11,2024-06-18,-123.0,-2051.9559785258893,5,False
CALLS_0DTE_11,2024-06-20,580.0,374.81538729829407,5,False
CALLS_0DTE_11,2024-06-21,535.0,-1547.990686329412,5,False
CALLS_0DTE_11,2024-06-24,5604.0,-3062.9072151745277,5,False
CALLS_0DTE_11,2024-06-25,-40.0,-1835.081019256036,5,False
CALLS_0DTE_11,2024-06-26,-600.0,-329.0332311742068,5,False
CALLS_0DTE_11,2024-06-27,525.0,-2782.649356032947,5,False
CALLS_0DTE_11,2024-06-28,555.0,547.2984731139468,5,True
CALLS_0DTE_11,2024-07-01,7314.0,-19.888179139984228,5,False
CALLS_0DTE_11,2024-07-02,-595.0,-1519.0655635087405,5,False
CALLS_0DTE_11,2024-07-03,-1140.0,-394.40386408471034,5,False
CALLS_0DTE_11,2024-07-05,-615.0,-1802.8899786715042,5,False
CALLS_0DTE_11,2024-07-08,-3575.0,-1506.3873998710037,5,False
CALLS_0DTE_11,2024-07-09,520.0,-314.30215048301585,5,False
CALLS_0DTE_11,2024-07-10,-615.0,-1702.6155843222443,5,False
CALLS_0DTE_11,2024-07-11,600.0,-1063.159007522254,5,False
CALLS_0DTE_11,2024-07-12,530.0,-5192.48776823827,5,False
CALLS_0DTE_11,2024-07-15,-3670.0,-1722.6596453201823,5,False
CALLS_0DTE_11,2024-07-16,-625.0,-2639.1406569235887,5,False
CALLS_0DTE_11,2024-07-17,760.0,167.9193799492965,5,False
CALLS_0DTE_11,2024-07-18,640.0,-1004.6943005439612,5,False
CALLS_0DTE_11,2024-07-19,675.0,-599.1940141604589,5,False
CALLS_0DTE_11,2024-07-22,-4825.0,-1888.6408531965849,5,False
CALLS_0DTE_11,2024-07-23,470.0,-185.3505613190321,5,False
CALLS_0DTE_11,2024-07-24,735.0,-1279.339782190785,5,False
CALLS_0DTE_11,2024-07-25,900.0,-732.9884440696358,5,False
CALLS_0DTE_11,2024-07-26,950.0,-1743.6617572001262,5,False
CALLS_0DTE_11,2024-07-29,-5770.0,-172.87123084003682,5,False
CALLS_0DTE_11,2024-07-30,635.0,-1188.2020180167108,5,False
CALLS_0DTE_11,2024-07-31,1180.0,-1989.6844276778104,5,False
CALLS_0DTE_11,2024-08-01,985.0,-4702.30351505893,5,False
CALLS_0DTE_11,2024-08-02,-776.0,-1888.8855312927326,5,False
CALLS_0DTE_11,2024-08-05,24777.0,-2342.015873060649,5,False
CALLS_0DTE_11,2024-08-06,1175.0,-6292.7763179180665,5,False
CALLS_0DTE_11,2024-08-07,1045.0,118.88368893243691,5,False
CALLS_0DTE_11,2024-08-08,264.0,-6246.458071967892,5,False
CALLS_0DTE_11,2024-08-09,689.0,-1676.4565136719596,5,False
CALLS_0DTE_11,2024-08-12,15984.0,-5043.781359111338,5,False
CALLS_0DTE_11,2024-08-13,-1810.0,-1861.862507001052,5,False
CALLS_0DTE_11,2024-08-14,-216.0,-2158.6611601998743,5,False
CALLS_0DTE_11,2024-08-15,-1157.0,-2106.966845705671,5,False
CALLS_0DTE_11,2024-08-16,-700.0,-2198.030713680173,5,False
CALLS_0DTE_11,2024-08-19,-4595.0,-5542.567394797885,5,False
CALLS_0DTE_11,2024-08-20,690.0,-660.7318480954922,5,False
CALLS_0DTE_11,2024-08-21,-280.0,-2625.9388212882027,5,False
CALLS_0DTE_11,2024-08-22,605.0,-1130.9248901287563,5,False
CALLS_0DTE_11,2024-08-23,-66.0,-1911.295572032652,5,False
CALLS_0DTE_11,2024-08-26,-4350.0,-683.640388553759,5,False
CALLS_0DTE_11,2024-08-27,405.0,-2396.9215896953656,5,False
CALLS_0DTE_11,2024-08-28,470.0,992.3122014109148,5,True
CALLS_0DTE_11,2024-08-29,595.0,-433.6982481986232,5,False
CALLS_0DTE_11,2024-08-30,-2155.0,-1646.5919771938304,5,False
CALLS_0DTE_11,2024-09-03,765.0,-3663.064287117318,5,False
CALLS_0DTE_11,2024-09-04,865.0,-5016.273325253089,5,False
CALLS_0DTE_11,2024-09-05,845.0,-2326.391867482426,5,False
CALLS_0DTE_11,2024-09-06,1260.0,-3110.302356258761,5,False
CALLS_0DTE_11,2024-09-09,18029.0,-2486.945033626245,5,False
CALLS_0DTE_11,2024-09-10,-792.0,-2025.413040216071,5,False
CALLS_0DTE_11,2024-09-11,-3580.0,-3094.9010796965936,5,False
CALLS_0DTE_11,2024-09-12,-2540.0,-3043.647569957358,5,False
CALLS_0DTE_11,2024-09-13,800.0,-3236.5674117669737,5,False
CALLS_0DTE_11,2024-09-16,5377.0,-4139.0054583293195,5,False
CALLS_0DTE_11,2024-09-17,585.0,466.78670683478276,5,True
CALLS_0DTE_11,2024-09-18,1825.0,-1793.6023843654687,5,False
CALLS_0DTE_11,2024-09-19,735.0,-2318.93816571211,5,False
CALLS_0DTE_11,2024-09-20,-65.0,-1889.216493859993,6,False
CALLS_0DTE_11,2024-09-23,-4110.0,-2627.9823229898025,6,False
CALLS_0DTE_11,2024-09-24,-615.0,-1753.6935548644049,6,False
CALLS_0DTE_11,2024-09-25,445.0,-367.4399799090245,6,False
CALLS_0DTE_11,2024-09-26,93.0,-3595.3466145854004,6,False
CALLS_0DTE_11,2024-09-27,430.0,-1356.8459808143925,6,False
CALLS_0DTE_11,2024-09-30,-1115.0,-1709.64497032883,6,False
CALLS_0DTE_11,2024-10-01,940.0,-1271.891681532711,6,False
CALLS_0DTE_11,2024-10-02,845.0,-1211.0085029353006,6,False
CALLS_0DTE_11,2024-10-03,411.0,-526.0857712861864,6,False
CALLS_0DTE_11,2024-10-04,-1372.0,-2571.5364357783205,6,False
CALLS_0DTE_11,2024-10-07,8067.0,-4292.585178390011,6,False
CALLS_0DTE_11,2024-10-08,-38.0,-1937.2574844275014,6,False
CALLS_0DTE_11,2024-10-09,-1154.0,-1469.7906336130727,6,False
CALLS_0DTE_11,2024-10-10,585.0,-1736.4923374040247,6,False
CALLS_0DTE_11,2024-10-11,637.0,-4546.471303970876,6,False
CALLS_0DTE_11,2024-10-14,-4420.0,-3768.195415077891,6,False
CALLS_0DTE_11,2024-10-15,525.0,-1853.862495596319,6,False
CALLS_0DTE_11,2024-10-16,-1242.0,-1816.2080885679418,6,False
CALLS_0DTE_11,2024-10-17,615.0,-1445.00824337307,6,False
CALLS_0DTE_11,2024-10-18,-92.0,-2382.269235069661,6,False
CALLS_0DTE_11,2024-10-21,-4395.0,-2117.077000279752,6,False
CALLS_0DTE_11,2024-10-22,-600.0,-997.8738866540817,6,False
CALLS_0DTE_11,2024-10-23,480.0,134.75269451634378,6,False
CALLS_0DTE_11,2024-10-24,500.0,-1839.809461641305,6,False
CALLS_0DTE_11,2024-10-25,450.0,-335.50554166267847,6,False
CALLS_0DTE_11,2024-10-28,5680.0,-1649.0695742222024,6,False
CALLS_0DTE_11,2024-10-29,530.0,-1194.7773329514496,6,False
CALLS_0DTE_11,2024-10-30,530.0,-923.2663713314676,6,False
CALLS_0DTE_11,2024-10-31,800.0,-2185.230787909501,6,False
CALLS_0DTE_11,2024-11-01,505.0,-4794.17589200939,6,False
CALLS_0DTE_11,2024-11-04,14267.0,-2615.6218547443546,6,False
CALLS_0DTE_11,2024-11-05,-1161.0,-4631.441134988426,6,False
CALLS_0DTE_11,2024-11-06,-2205.0,-1871.517667239853,6,False
CALLS_0DTE_11,2024-11-07,790.0,-2492.612461524175,6,False
CALLS_0DTE_11,2024-11-08,420.0,-1100.6110668475399,6,False
CALLS_0DTE_11,2024-11-11,-4720.0,-1873.454077970661,6,False
CALLS_0DTE_11,2024-11-12,420.0,-1891.1092263644825,6,False
CALLS_0DTE_11,2024-11-13,630.0,-1629.8973709031964,6,False
CALLS_0DTE_11,2024-11-14,435.0,-1458.4663786839676,6,False
CALLS_0DTE_11,2024-11-15,645.0,340.5492855760034,6,False
CALLS_0DTE_11,2024-11-18,8203.0,-3038.5697837223447,6,False
CALLS_0DTE_11,2024-11-19,-1563.0,-1985.1460946100087,6,False
CALLS_0DTE_11,2024-11-20,-1581.0,-866.7716170870323,6,False
CALLS_0DTE_11,2024-11-21,-441.0,-3375.9032476244506,6,False
CALLS_0DTE_11,2024-11-22,600.0,-2173.0006693305913,6,False
CALLS_0DTE_11,2024-11-25,4796.0,-2702.028280000813,6,False
CALLS_0DTE_11,2024-11-26,-1128.0,-1322.2854606879657,6,False
CALLS_0DTE_11,2024-11-27,480.0,-1002.0479108133659,6,False
CALLS_0DTE_11,2024-11-29,137.0,-1376.2025711310976,6,False
CALLS_0DTE_11,2024-12-02,-3905.0,-1955.2458635587782,6,False
CALLS_0DTE_11,2024-12-03,-608.0,-1894.4485593633879,6,False
CALLS_0DTE_11,2024-12-04,-664.0,-2071.958303316257,6,False
CALLS_0DTE_11,2024-12-05,395.0,-506.4189774240713,6,False
CALLS_0DTE_11,2024-12-06,460.0,-1164.1685048810655,6,False
CALLS_0DTE_11,2024-12-09,-4185.0,-265.203016186103,6,False
CALLS_0DTE_11,2024-12-10,445.0,-370.93929168849206,6,False
CALLS_0DTE_11,2024-12-11,-469.0,-1328.295157100691,6,False
CALLS_0DTE_11,2024-12-12,430.0,379.4278679169897,6,False
CALLS_0DTE_11,2024-12-13,-94.0,-1313.7204514869795,6,False
CALLS_0DTE_11,2024-12-16,-3405.0,-2179.170901917881,6,False
CALLS_0DTE_11,2024-12-17,-146.0,-1212.6419165280201,6,False
CALLS_0DTE_11,2024-12-18,820.0,443.06151151546163,6,False
CALLS_0DTE_11,2024-12-19,1025.0,-558.6073109748206,6,False
CALLS_0DTE_11,2024-12-20,-230.0,-4464.172813731929,6,False
CALLS_0DTE_11,2024-12-23,-4920.0,-3114.073489092336,6,False
CALLS_0DTE_11,2024-12-24,-570.0,-1544.5598411997498,6,False
CALLS_0DTE_11,2024-12-26,495.0,-1886.0879993092099,6,False
CALLS_0DTE_11,2024-12-27,796.0,-1605.56471634867,6,False
CALLS_0DTE_11,2024-12-30,646.0,-2276.8586115556477,6,False
CALLS_0DTE_11,2024-12-31,1005.0,439.8737262573324,6,False
CALLS_0DTE_11,2025-01-02,795.0,-832.5079100684206,6,False
CALLS_0DTE_11,2025-01-03,-1052.0,-2139.25138694918,6,False
CALLS_0DTE_11,2025-01-06,-5010.0,-2719.7182832315552,6,False
CALLS_0DTE_11,2025-01-07,790.0,-2145.5855425224595,6,False
CALLS_0DTE_11,2025-01-08,620.0,-592.456452358802,6,False
CALLS_0DTE_11,2025-01-10,985.0,-2104.057537478364,6,False
CALLS_0DTE_11,2025-01-13,22631.0,-4846.2851737172905,6,False
CALLS_0DTE_11,2025-01-14,835.0,-655.7164162054162,6,False
CALLS_0DTE_11,2025-01-15,-111.0,-2022.370804076655,6,False
CALLS_0DTE_11,2025-01-16,615.0,-969.8242790257095,6,False
CALLS_0DTE_11,2025-01-17,520.0,-3920.951551142484,6,False
CALLS_0DTE_11,2025-01-21,-1304.0,-2271.2538819711317,6,False
CALLS_0DTE_11,2025-01-22,550.0,-2034.333072676014,7,False
CALLS_0DTE_11,2025-01-23,-1570.0,-1186.3867971347856,7,False
CALLS_0DTE_11,2025-01-24,590.0,139.64439049119355,7,False
CALLS_0DTE_11,2025-01-27,2062.0,-1211.4478195047136,7,False
CALLS_0DTE_11,2025-01-28,-285.0,-1964.8016861280275,7,False
CALLS_0DTE_11,2025-01-29,895.0,82.33569116307429,7,False
CALLS_0DTE_11,2025-01-30,-1937.0,-2924.477796601756,7,False
CALLS_0DTE_11,2025-01-31,565.0,-697.4286747997709,7,False
CALLS_0DTE_11,2025-02-03,3327.0,-3996.2139710531756,7,False
CALLS_0DTE_11,2025-02-04,2.0,-2351.4218715202883,7,False
CALLS_0DTE_11,2025-02-05,-2240.0,-1455.211572258388,7,False
CALLS_0DTE_11,2025-02-06,-515.0,-2120.736240142714,7,False
CALLS_0DTE_11,2025-02-07,1030.0,156.1952731651099,7,False
CALLS_0DTE_11,2025-02-10,177.0,-2026.9091661197615,7,False
CALLS_0DTE_11,2025-02-11,520.0,-1253.9521225221163,7,False
CALLS_0DTE_11,2025-02-12,388.0,-1422.565332210422,7,False
CALLS_0DTE_11,2025-02-13,-1480.0,-2907.909773050663,7,False
CALLS_0DTE_11,2025-02-14,595.0,-2530.4825551998356,7,False
CALLS_0DTE_11,2025-02-18,67.0,-3059.7728313204275,7,False
CALLS_0DTE_11,2025-02-19,-1485.0,-1770.3738705046405,7,False
CALLS_0DTE_11,2025-02-20,-1507.0,-2159.544627284967,7,False
CALLS_0DTE_11,2025-02-21,665.0,609.9330578336243,7,True
CALLS_0DTE_11,2025-02-24,-5860.0,-1011.4104361873965,7,False
CALLS_0DTE_11,2025-02-25,-55.0,-2349.4456339516482,7,False
CALLS_0DTE_11,2025-02-26,635.0,407.0866227470075,7,False
CALLS_0DTE_11,2025-02-27,1020.0,-447.6461984430833,7,False
CALLS_0DTE_11,2025-02-28,-2975.0,-5391.51942234054,7,False
CALLS_0DTE_11,2025-03-03,-8510.0,-3153.052061885751,7,False
CALLS_0DTE_11,2025-03-04,10.0,-2874.8275772746933,7,False
CALLS_0DTE_11,2025-03-05,-2843.0,-2246.0245481704223,7,False
CALLS_0DTE_11,2025-03-06,1445.0,434.89583846354986,7,False
CALLS_0DTE_11,2025-03-07,-1755.0,-2512.9777812195834,7,False
CALLS_0DTE_11,2025-03-10,-7711.0,-1269.7074250190503,7,False
CALLS_0DTE_11,2025-03-11,1585.0,-2346.176897589415,7,False
CALLS_0DTE_11,2025-03-12,-545.0,-2906.918091738853,7,False
CALLS_0DTE_11,2025-03-13,1330.0,782.5292735873988,7,True
CALLS_0DTE_11,2025-03-14,-824.0,-5086.334342561953,7,False
CALLS_0DTE_11,2025-03-17,-6900.0,-5677.499999228995,7,False
CALLS_0DTE_11,2025-03-18,1045.0,-1420.877702219824,7,False
CALLS_0DTE_11,2025-03-19,-669.0,-2078.815102408409,7,False
CALLS_0DTE_11,2025-03-20,915.0,-4339.040156279973,7,False
CALLS_0DTE_11,2025-03-21,-816.0,-1657.6374081157574,7,False
CALLS_0DTE_11,2025-03-24,-6445.0,-5075.0877725964365,7,False
CALLS_0DTE_11,2025-03-25,455.0,-3151.7127360608065,7,False
CALLS_0DTE_11,2025-03-26,540.0,-743.2045326846054,7,False
CALLS_0DTE_11,2025-03-27,655.0,-3853.4361576728293,7,False
CALLS_0DTE_11,2025-03-28,1035.0,-2545.07614856902,7,False
CALLS_0DTE_11,2025-03-31,-7955.0,-4886.020088370675,7,False
CALLS_0DTE_11,2025-04-01,643.0,-718.8619633254702,7,False
CALLS_0DTE_11,2025-04-02,-552.0,-4717.9105318218135,7,False
CALLS_0DTE_11,2025-04-03,1400.0,-1269.7074250190503,7,False
CALLS_0DTE_11,2025-04-04,2460.0,-2699.5765283372257,7,False
CALLS_0DTE_11,2025-04-07,1960.0,-6315.883349553669,7,False
CALLS_0DTE_11,2025-04-08,2090.0,-1992.3458882627813,7,False
CALLS_0DTE_11,2025-04-09,-10635.0,-3992.765339295893,7,False
CALLS_0DTE_11,2025-04-10,2525.0,-2699.5765283372257,7,False
CALLS_0DTE_11,2025-04-11,-5601.0,-3941.887809264812,7,False
CALLS_0DTE_11,2025-04-14,-5663.0,-3692.8013795342335,7,False
CALLS_0DTE_11,2025-04-15,1135.0,-1191.4751879042603,7,False
CALLS_0DTE_11,2025-04-16,1300.0,-1713.187946908759,7,False
CALLS_0DTE_11,2025-04-17,1175.0,-2964.2101332417706,7,False
CALLS_0DTE_11,2025-04-21,35699.0,-2699.5765283372257,7,False
CALLS_0DTE_11,2025-04-22,-241.0,-6977.6494300375425,7,False
CALLS_0DTE_11,2025-04-23,1385.0,-3971.754121583614,7,False
CALLS_0DTE_11,2025-04-24,-1692.0,-6074.525437896464,7,False
CALLS_0DTE_11,2025-04-25,-1921.0,-2456.624720246363,7,False
CALLS_0DTE_11,2025-04-28,4619.0,-1481.0509432467302,7,False
CALLS_0DTE_11,2025-04-29,427.0,-4297.296224475915,7,False
CALLS_0DTE_11,2025-04-30,-4655.0,-2048.4445651346155,7,False
CALLS_0DTE_11,2025-05-01,985.0,-668.8671786458666,7,False
CALLS_0DTE_11,2025-05-02,683.0,-1922.2498848752662,7,False
CALLS_0DTE_11,2025-05-05,17473.0,-97.9461062143447,7,False
CALLS_0DTE_11,2025-05-06,755.0,-557.1497516912883,7,False
CALLS_0DTE_11,2025-05-07,682.0,-2194.764484185812,7,False
CALLS_0DTE_11,2025-05-08,326.0,-2433.670174994757,7,False
CALLS_0DTE_11,2025-05-09,1025.0,-2038.8286099968643,7,False
CALLS_0DTE_11,2025-05-12,-5084.0,-1987.7507097470027,7,False
CALLS_0DTE_11,2025-05-13,675.0,-1735.1843996367634,7,False
CALLS_0DTE_11,2025-05-14,635.0,-2913.2474755574403,7,False
CALLS_0DTE_11,2025-05-15,-1975.0,-1398.0082960814805,7,False
CALLS_0DTE_11,2025-05-16,-2310.0,-2163.57745917544,7,False
CALLS_0DTE_11,2025-05-19,-5910.0,-4719.497001287655,7,False
CALLS_0DTE_11,2025-05-20,655.0,-5.765785427499555,7,False
CALLS_0DTE_11,2025-05-21,715.0,660.4386777987213,8,False
CALLS_0DTE_11,2025-05-22,1020.0,-1854.030821613457,8,False
CALLS_0DTE_11,2025-05-23,293.0,-2291.5479078780704,8,False
CALLS_0DTE_11,2025-05-27,-1624.0,-4670.094359906852,8,False
CALLS_0DTE_11,2025-05-28,705.0,-3557.6901433206745,8,False
CALLS_0DTE_11,2025-05-29,875.0,-2499.955894837939,8,False
CALLS_0DTE_11,2025-05-30,291.0,-1217.0285164850625,8,False
CALLS_0DTE_11,2025-06-02,4536.0,-2083.001577196997,8,False
CALLS_0DTE_11,2025-06-03,-477.0,-1629.3654465143468,8,False
CALLS_0DTE_11,2025-06-04,690.0,-2675.8010147777577,8,False
CALLS_0DTE_11,2025-06-05,710.0,468.9401431693464,8,False
CALLS_0DTE_11,2025-06-06,605.0,-3833.4629510747004,8,False
CALLS_0DTE_11,2025-06-09,-5575.0,-2605.2268199408322,8,False
CALLS_0DTE_11,2025-06-10,-796.0,-1949.8816460429807,8,False
CALLS_0DTE_11,2025-06-11,635.0,562.0283512868695,8,False
CALLS_0DTE_11,2025-06-12,149.0,-596.3386635293368,8,False
CALLS_0DTE_11,2025-06-13,680.0,-295.8074346563265,8,False
CALLS_0DTE_11,2025-06-16,5072.0,-1997.4801946188782,8,False
CALLS_0DTE_11,2025-06-17,505.0,-146.65446434938178,8,False
CALLS_0DTE_11,2025-06-18,945.0,-988.0729503012899,8,False
CALLS_0DTE_11,2025-06-20,975.0,-431.487191114498,8,False
CALLS_0DTE_11,2025-06-23,19520.0,-6747.040393133709,8,False
CALLS_0DTE_11,2025-06-24,-723.0,-1541.2631728917243,8,False
CALLS_0DTE_11,2025-06-25,550.0,-648.3640471307823,8,False
CALLS_0DTE_11,2025-06-26,-615.0,-1932.3827774356603,8,False
CALLS_0DTE_11,2025-06-27,540.0,-1374.7543565195117,8,False
CALLS_0DTE_11,2025-06-30,2096.0,-2338.707262913521,8,False
CALLS_0DTE_11,2025-07-01,-495.0,-2138.667664950095,8,False
CALLS_0DTE_11,2025-07-02,-752.0,-1710.5375725434728,8,False
CALLS_0DTE_11,2025-07-03,-40.0,-497.47854430974263,8,False
CALLS_0DTE_11,2025-07-07,1511.0,-604.3223356844793,8,False
CALLS_0DTE_11,2025-07-08,675.0,-795.4506149870563,8,False
CALLS_0DTE_11,2025-07-09,-1261.0,-2765.6972113889287,8,False
CALLS_0DTE_11,2025-07-10,-86.0,-2462.6501430570947,8,False
CALLS_0DTE_11,2025-07-11,575.0,-2678.5453139664332,8,False
CALLS_0DTE_11,2025-07-14,3895.0,-3047.9031626739657,8,False
CALLS_0DTE_11,2025-07-15,725.0,-322.57252406596353,8,False
CALLS_0DTE_11,2025-07-16,-485.0,-2244.6052499447537,8,False
CALLS_0DTE_11,2025-07-17,-796.0,-1827.607784548518,8,False
CALLS_0DTE_11,2025-07-18,410.0,-3098.3771903547436,8,False
CALLS_0DTE_11,2025-07-21,-3236.0,-2382.958442709775,8,False
CALLS_0DTE_11,2025-07-22,-7.0,-2687.2278377438192,8,False
CALLS_0DTE_11,2025-07-23,-1510.0,-2530.589310272042,8,False
CALLS_0DTE_11,2025-07-24,455.0,-2387.636385644876,8,False
CALLS_0DTE_11,2025-07-25,-494.0,-2664.09765535178,8,False
CALLS_0DTE_11,2025-07-28,-5025.0,-1928.1639767459951,8,False
CALLS_0DTE_11,2025-07-29,515.0,-2079.401500152233,8,False
CALLS_0DTE_11,2025-07-30,730.0,494.2964994929873,8,False
CALLS_0DTE_11,2025-07-31,640.0,-3027.494813312086,8,False
CALLS_0DTE_11,2025-08-01,970.0,-3624.0150648466547,8,False
CALLS_0DTE_11,2025-08-04,8599.0,-5294.878311912878,8,False
CALLS_0DTE_11,2025-08-05,660.0,-2652.225542401576,8,False
CALLS_0DTE_11,2025-08-06,-551.0,-1279.7110904142694,8,False
CALLS_0DTE_11,2025-08-07,635.0,-356.92413578410117,8,False
CALLS_0DTE_11,2025-08-08,-490.0,-1553.5912602157928,8,False
CALLS_0DTE_11,2025-08-11,-5000.0,-2790.505920534422,8,False
CALLS_0DTE_11,2025-08-12,-1395.0,-1518.973310182831,8,False
CALLS_0DTE_11,2025-08-13,-128.0,-1041.6775427732573,8,False
CALLS_0DTE_11,2025-08-14,510.0,-1429.5995232694327,8,False
CALLS_0DTE_11,2025-08-15,500.0,-2706.5694870477387,8,False
CALLS_0DTE_11,2025-08-18,-144.0,-1505.1587614853681,8,False
CALLS_0DTE_11,2025-08-19,475.0,-553.5539444539183,8,False
CALLS_0DTE_11,2025-08-20,-2695.0,-5113.155303967998,8,False
CALLS_0DTE_11,2025-08-21,790.0,-938.0134149881145,8,False
CALLS_0DTE_11,2025-08-22,505.0,-5981.334669039755,8,False
CALLS_0DTE_11,2025-08-25,403.0,-1420.4220323474162,8,False
CALLS_0DTE_11,2025-08-26,-555.0,-2373.0381739376894,8,False
CALLS_0DTE_11,2025-08-27,-220.0,-1957.3397943473753,8,False
CALLS_0DTE_11,2025-08-28,-771.0,-1833.8049017501762,8,False
CALLS_0DTE_11,2025-08-29,584.0,31.239013676314503,8,False
CALLS_0DTE_11,2025-09-02,-1304.0,-3291.700720126587,8,False
CALLS_0DTE_11,2025-09-03,505.0,-4.575340427328639,8,False
CALLS_0DTE_11,2025-09-04,-1455.0,-1992.5578840515166,8,False
CALLS_0DTE_11,2025-09-05,-1175.0,-5397.602973688722,8,False
CALLS_0DTE_11,2025-09-08,9271.0,-3727.3939105935797,8,False
CALLS_0DTE_11,2025-09-09,-600.0,-2970.82071367035,8,False
CALLS_0DTE_11,2025-09-10,450.0,284.61772380865756,8,False
CALLS_0DTE_11,2025-09-11,-192.0,-1667.6677934449147,8,False
CALLS_0DTE_11,2025-09-12,490.0,-2901.7954160767504,8,False
CALLS_0DTE_11,2025-09-15,435.0,-1742.5178746003926,8,False
CALLS_0DTE_11,2025-09-16,485.0,-4187.297600694525,8,False
CALLS_0DTE_11,2025-09-17,1340.0,-589.8899581149801,8,False
CALLS_0DTE_11,2025-09-18,670.0,-2991.8251873589275,8,False
CALLS_1DTE_1515,2023-01-25,-520.0,-537.0649035026518,1,False
CALLS_1DTE_1515,2023-01-26,-540.0,-539.8957254068453,1,False
CALLS_1DTE_1515,2023-01-27,435.0,-547.12724618302,1,False
CALLS_1DTE_1515,2023-01-30,-565.0,-541.487884661685,1,False
CALLS_1DTE_1515,2023-01-31,-515.0,-552.2702032554904,1,False
CALLS_1DTE_1515,2023-02-01,-515.0,-538.8126140448561,1,False
CALLS_1DTE_1515,2023-02-02,475.0,-558.3023357077277,1,False
CALLS_1DTE_1515,2023-02-03,480.0,-558.8752276771037,1,False
CALLS_1DTE_1515,2023-02-06,-510.0,-550.4389975272373,1,False
CALLS_1DTE_1515,2023-02-07,465.0,-546.6575779782304,1,False
CALLS_1DTE_1515,2023-02-08,450.0,-532.4256589593103,1,False
CALLS_1DTE_1515,2023-02-09,-66.0,-546.1473066691809,1,False
CALLS_1DTE_1515,2023-02-10,-540.0,-545.2099774339106,1,False
CALLS_1DTE_1515,2023-02-13,-485.0,-552.2702032554904,1,False
CALLS_1DTE_1515,2023-02-14,-315.0,-547.4173880135845,1,False
CALLS_1DTE_1515,2023-02-15,450.0,-544.909867436026,1,False
CALLS_1DTE_1515,2023-02-16,465.0,-550.0409138218589,1,False
CALLS_1DTE_1515,2023-02-17,510.0,-539.978865729926,1,False
CALLS_1DTE_1515,2023-02-21,490.0,-526.1162472792043,1,False
CALLS_1DTE_1515,2023-02-22,-540.0,-553.4313622959436,1,False
CALLS_1DTE_1515,2023-02-23,490.0,-543.5876163107571,1,False
CALLS_1DTE_1515,2023-02-24,-515.0,-539.9800569022508,1,False
CALLS_1DTE_1515,2023-02-27,450.0,-555.3985295326178,1,False
CALLS_1DTE_1515,2023-02-28,470.0,-552.0720826075966,1,False
CALLS_1DTE_1515,2023-03-01,-525.0,-554.0756080480085,1,False
CALLS_1DTE_1515,2023-03-02,-530.0,-545.2099774339106,1,False
CALLS_1DTE_1515,2023-03-03,123.0,-553.563765783724,1,False
CALLS_1DTE_1515,2023-03-06,485.0,-560.9034428838893,1,False
CALLS_1DTE_1515,2023-03-07,239.0,-532.7976342378229,1,False
CALLS_1DTE_1515,2023-03-08,470.0,-553.7198398798471,1,False
CALLS_1DTE_1515,2023-03-09,475.0,-545.3292960614708,1,False
CALLS_1DTE_1515,2023-03-10,495.0,-537.8369344263116,1,False
CALLS_1DTE_1515,2023-03-13,-490.0,-541.4746885638771,1,False
CALLS_1DTE_1515,2023-03-14,-500.0,-551.1704786798069,1,False
CALLS_1DTE_1515,2023-03-15,-480.0,-542.0171292055087,1,False
CALLS_1DTE_1515,2023-03-16,480.0,-546.3086260716902,1,False
CALLS_1DTE_1515,2023-03-17,-490.0,-525.5126893396425,1,False
CALLS_1DTE_1515,2023-03-20,-500.0,-546.5192337622639,1,False
CALLS_1DTE_1515,2023-03-21,510.0,-548.163155705284,1,False
CALLS_1DTE_1515,2023-03-22,495.0,-554.0199498777316,1,False
CALLS_1DTE_1515,2023-03-23,-465.0,-555.0496624557036,1,False
CALLS_1DTE_1515,2023-03-24,-500.0,-546.8722053904023,1,False
CALLS_1DTE_1515,2023-03-27,510.0,-550.1593982943634,1,False
CALLS_1DTE_1515,2023-03-28,-520.0,-554.4796499152012,1,False
CALLS_1DTE_1515,2023-03-29,-465.0,-548.712092338479,1,False
CALLS_1DTE_1515,2023-03-30,-455.0,-557.3371239605677,1,False
CALLS_1DTE_1515,2023-03-31,-515.0,-552.2702032554904,1,False
CALLS_1DTE_1515,2023-04-03,465.0,-547.12724618302,1,False
CALLS_1DTE_1515,2023-04-04,495.0,-532.9234833259262,1,False
CALLS_1DTE_1515,2023-04-05,-560.0,-541.3767718248627,1,False
CALLS_1DTE_1515,2023-04-06,-401.0,-546.6575779782304,1,False
CALLS_1DTE_1515,2023-04-10,-394.0,-544.909867436026,1,False
CALLS_1DTE_1515,2023-04-11,455.0,-546.7714780148586,1,False
CALLS_1DTE_1515,2023-04-12,-500.0,-533.4164038573549,1,False
CALLS_1DTE_1515,2023-04-13,490.0,-552.2702032554904,1,False
CALLS_1DTE_1515,2023-04-14,-530.0,-553.6059398432188,1,False
CALLS_1DTE_1515,2023-04-17,-567.0,-551.602414402807,1,False
CALLS_1DTE_1515,2023-04-18,460.0,-542.3675167229072,1,False
CALLS_1DTE_1515,2023-04-19,465.0,-545.2099774339106,1,False
CALLS_1DTE_1515,2023-04-20,-525.0,-550.7391075251219,1,False
CALLS_1DTE_1515,2023-04-21,-239.0,-554.8708448592379,1,False
CALLS_1DTE_1515,2023-04-24,485.0,-551.602414402807,1,False
CALLS_1DTE_1515,2023-04-25,440.0,-532.4256589593103,1,False
CALLS_1DTE_1515,2023-04-26,-530.0,-546.1473066691809,1,False
CALLS_1DTE_1515,2023-04-27,-525.0,-553.563765783724,1,False
CALLS_1DTE_1515,2023-04-28,153.0,-553.3247719070519,1,False
CALLS_1DTE_1515,2023-05-01,460.0,-556.9237560528416,1,False
CALLS_1DTE_1515,2023-05-02,500.0,-532.7976342378229,1,False
CALLS_1DTE_1515,2023-05-03,510.0,-553.8972234704443,1,False
CALLS_1DTE_1515,2023-05-04,-490.0,-541.3767718248627,1,False
CALLS_1DTE_1515,2023-05-05,510.0,-553.563765783724,1,False
CALLS_1DTE_1515,2023-05-08,435.0,-551.602414402807,1,False
CALLS_1DTE_1515,2023-05-09,-510.0,-549.7408038239744,1,False
CALLS_1DTE_1515,2023-05-10,485.0,-542.3675167229072,1,False
CALLS_1DTE_1515,2023-05-11,470.0,-555.5404106033858,1,False
CALLS_1DTE_1515,2023-05-12,-480.0,-532.9234833259262,1,False
CALLS_1DTE_1515,2023-05-15,420.0,-548.8658357661299,1,False
CALLS_1DTE_1515,2023-05-16,-550.0,-555.3749760642637,1,False
CALLS_1DTE_1515,2023-05-17,-560.0,-548.712092338479,1,False
CALLS_1DTE_1515,2023-05-18,-525.0,-552.0928196648932,1,False
CALLS_1DTE_1515,2023-05-19,440.0,-554.1973334683288,1,False
CALLS_1DTE_1515,2023-05-22,475.0,-547.2411462196483,1,False
CALLS_1DTE_1515,2023-05-23,475.0,-542.966251614061,2,False
CALLS_1DTE_1515,2023-05-24,-515.0,-545.4498569980433,2,False
CALLS_1DTE_1515,2023-05-25,-550.0,-520.23712411646,2,False
CALLS_1DTE_1515,2023-05-26,520.0,-528.1008871256414,2,False
CALLS_1DTE_1515,2023-05-30,445.0,-539.4244192077274,2,False
CALLS_1DTE_1515,2023-05-31,-545.0,-538.0795250059462,2,False
CALLS_1DTE_1515,2023-06-01,-510.0,-539.7518406605506,2,False
CALLS_1DTE_1515,2023-06-02,410.0,-528.4448205782488,2,False
CALLS_1DTE_1515,2023-06-05,-420.0,-517.6940896961761,2,False
CALLS_1DTE_1515,2023-06-06,465.0,-539.4385172240095,2,False
CALLS_1DTE_1515,2023-06-07,-550.0,-542.8075260111982,2,False
CALLS_1DTE_1515,2023-06-08,14.0,-540.4439555324471,2,False
CALLS_1DTE_1515,2023-06-09,-600.0,-533.5501867800946,2,False
CALLS_1DTE_1515,2023-06-12,-530.0,-557.1921694416017,2,False
CALLS_1DTE_1515,2023-06-13,-279.0,-546.5892428450336,2,False
CALLS_1DTE_1515,2023-06-14,-565.0,-533.6564223263035,2,False
CALLS_1DTE_1515,2023-06-15,450.0,-528.0394336022026,2,False
CALLS_1DTE_1515,2023-06-16,480.0,-546.0333768191434,2,False
CALLS_1DTE_1515,2023-06-20,475.0,-543.5850234450236,2,False
CALLS_1DTE_1515,2023-06-21,266.0,-551.3095914842179,2,False
CALLS_1DTE_1515,2023-06-22,400.0,-539.213199540022,2,False
CALLS_1DTE_1515,2023-06-23,435.0,-543.4255200156873,2,False
CALLS_1DTE_1515,2023-06-26,-580.0,-531.2260500151723,2,False
CALLS_1DTE_1515,2023-06-27,460.0,-541.4444759478299,2,False
CALLS_1DTE_1515,2023-06-28,-540.0,-534.4139320641261,2,False
CALLS_1DTE_1515,2023-06-29,-525.0,-536.8784989281182,2,False
CALLS_1DTE_1515,2023-06-30,401.0,-523.8633214269748,2,False
CALLS_1DTE_1515,2023-07-05,410.0,-532.6047044091501,2,False
CALLS_1DTE_1515,2023-07-06,490.0,-545.064791271714,2,False
CALLS_1DTE_1515,2023-07-07,440.0,-539.432527984267,2,False
CALLS_1DTE_1515,2023-07-10,-565.0,-536.7945283566501,2,False
CALLS_1DTE_1515,2023-07-11,-535.0,-537.4584200978859,2,False
CALLS_1DTE_1515,2023-07-12,-580.0,-534.8880074599508,2,False
CALLS_1DTE_1515,2023-07-13,465.0,-538.0678361549429,2,False
CALLS_1DTE_1515,2023-07-14,-530.0,-532.6027411349307,2,False
CALLS_1DTE_1515,2023-07-17,-545.0,-537.9017286506281,2,False
CALLS_1DTE_1515,2023-07-18,-127.0,-544.5269588249515,2,False
CALLS_1DTE_1515,2023-07-19,395.0,-550.1984201930633,2,False
CALLS_1DTE_1515,2023-07-20,316.0,-553.1704316670925,2,False
CALLS_1DTE_1515,2023-07-21,-575.0,-541.9901410237579,2,False
CALLS_1DTE_1515,2023-07-24,-585.0,-540.5158388876451,2,False
CALLS_1DTE_1515,2023-07-25,470.0,-541.3370854688202,2,False
CALLS_1DTE_1515,2023-07-26,415.0,-551.4049402417453,2,False
CALLS_1DTE_1515,2023-07-27,-520.0,-517.7722399722975,2,False
CALLS_1DTE_1515,2023-07-28,34.0,-535.1962418895137,2,False
CALLS_1DTE_1515,2023-07-31,410.0,-531.8674190451553,2,False
CALLS_1DTE_1515,2023-08-01,460.0,-556.385284559973,2,False
CALLS_1DTE_1515,2023-08-02,485.0,-525.0625302688812,2,False
CALLS_1DTE_1515,2023-08-03,510.0,-545.9325835109637,2,False
CALLS_1DTE_1515,2023-08-04,-490.0,-532.8746319201194,2,False
CALLS_1DTE_1515,2023-08-07,490.0,-546.5887182634398,2,False
CALLS_1DTE_1515,2023-08-08,480.0,-540.4540758314776,2,False
CALLS_1DTE_1515,2023-08-09,480.0,-539.1142756275556,2,False
CALLS_1DTE_1515,2023-08-10,490.0,-522.1458160193984,2,False
CALLS_1DTE_1515,2023-08-11,-520.0,-532.7833514165942,2,False
CALLS_1DTE_1515,2023-08-14,445.0,-529.2976715925091,2,False
CALLS_1DTE_1515,2023-08-15,430.0,-549.208917324991,2,False
CALLS_1DTE_1515,2023-08-16,490.0,-537.5907952263659,2,False
CALLS_1DTE_1515,2023-08-17,470.0,-527.5415585846011,2,False
CALLS_1DTE_1515,2023-08-18,-540.0,-518.0100631741632,2,False
CALLS_1DTE_1515,2023-08-21,480.0,-556.9322664061066,2,False
CALLS_1DTE_1515,2023-08-22,-525.0,-545.3582406225024,2,False
CALLS_1DTE_1515,2023-08-23,460.0,-529.7559821007285,2,False
CALLS_1DTE_1515,2023-08-24,-515.0,-522.7195696171519,2,False
CALLS_1DTE_1515,2023-08-25,-500.0,-556.7082250747083,2,False
CALLS_1DTE_1515,2023-08-28,-525.0,-540.1909271755634,2,False
CALLS_1DTE_1515,2023-08-29,-580.0,-531.057736596138,2,False
CALLS_1DTE_1515,2023-08-30,450.0,-540.5289212899485,2,False
CALLS_1DTE_1515,2023-08-31,420.0,-528.9931103458204,2,False
CALLS_1DTE_1515,2023-09-01,490.0,-534.0406892760448,2,False
CALLS_1DTE_1515,2023-09-05,410.0,-548.1831305048559,2,False
CALLS_1DTE_1515,2023-09-06,425.0,-552.1242178629766,2,False
CALLS_1DTE_1515,2023-09-07,-279.0,-533.5934314098421,2,False
CALLS_1DTE_1515,2023-09-08,-585.0,-530.9030867600704,2,False
CALLS_1DTE_1515,2023-09-11,470.0,-543.574523275041,2,False
CALLS_1DTE_1515,2023-09-12,-264.0,-548.2969818870772,2,False
CALLS_1DTE_1515,2023-09-13,-520.0,-522.4124310267119,2,False
CALLS_1DTE_1515,2023-09-14,450.0,-541.7319286087502,2,False
CALLS_1DTE_1515,2023-09-15,430.0,-527.3162705678574,2,False
CALLS_1DTE_1515,2023-09-18,420.0,-541.457325830909,2,False
CALLS_1DTE_1515,2023-09-19,440.0,-545.7397726102961,2,False
CALLS_1DTE_1515,2023-09-20,470.0,-539.5093362080169,2,False
CALLS_1DTE_1515,2023-09-21,465.0,-532.2860428110802,3,False
CALLS_1DTE_1515,2023-09-22,460.0,-551.4562117920495,3,False
CALLS_1DTE_1515,2023-09-25,510.0,-539.8639716611353,3,False
CALLS_1DTE_1515,2023-09-26,460.0,-530.3638046489518,3,False
CALLS_1DTE_1515,2023-09-27,-520.0,-545.8381870035967,3,False
CALLS_1DTE_1515,2023-09-28,490.0,-532.5804697867351,3,False
CALLS_1DTE_1515,2023-09-29,475.0,-533.623163101778,3,False
CALLS_1DTE_1515,2023-10-02,490.0,-548.7133679838719,3,False
CALLS_1DTE_1515,2023-10-03,-510.0,-514.4931207315757,3,False
CALLS_1DTE_1515,2023-10-04,161.0,-534.632690288396,3,False
CALLS_1DTE_1515,2023-10-05,-525.0,-532.2919454980146,3,False
CALLS_1DTE_1515,2023-10-06,-505.0,-528.232067517444,3,False
CALLS_1DTE_1515,2023-10-09,-520.0,-538.9493578309895,3,False
CALLS_1DTE_1515,2023-10-10,-515.0,-520.0070360747376,3,False
CALLS_1DTE_1515,2023-10-11,475.0,-537.112440341939,3,False
CALLS_1DTE_1515,2023-10-12,460.0,-538.3481392359433,3,False
CALLS_1DTE_1515,2023-10-13,-510.0,-528.5561361646467,3,False
CALLS_1DTE_1515,2023-10-16,445.0,-532.5752675838017,3,False
CALLS_1DTE_1515,2023-10-17,485.0,-528.29548070535,3,False
CALLS_1DTE_1515,2023-10-18,480.0,-533.3977290046274,3,False
CALLS_1DTE_1515,2023-10-19,495.0,-523.8775769876925,3,False
CALLS_1DTE_1515,2023-10-20,495.0,-511.3156527277412,3,False
CALLS_1DTE_1515,2023-10-23,-515.0,-533.221186308562,3,False
CALLS_1DTE_1515,2023-10-24,460.0,-533.0029875977684,3,False
CALLS_1DTE_1515,2023-10-25,480.0,-530.0934682911811,3,False
CALLS_1DTE_1515,2023-10-26,460.0,-548.899422529127,3,False
CALLS_1DTE_1515,2023-10-27,-510.0,-552.7475303389374,3,False
CALLS_1DTE_1515,2023-10-30,-550.0,-531.7276104514733,3,False
CALLS_1DTE_1515,2023-10-31,-535.0,-530.7232676402398,3,False
CALLS_1DTE_1515,2023-11-01,-520.0,-524.9626980492246,3,False
CALLS_1DTE_1515,2023-11-02,-520.0,-525.7316504046211,3,False
CALLS_1DTE_1515,2023-11-03,475.0,-531.8776860566396,3,False
CALLS_1DTE_1515,2023-11-06,-530.0,-534.761513049795,3,False
CALLS_1DTE_1515,2023-11-07,177.0,-543.7337081819497,3,False
CALLS_1DTE_1515,2023-11-08,455.0,-550.1080960376398,3,False
CALLS_1DTE_1515,2023-11-09,-515.0,-536.83403217615,3,False
CALLS_1DTE_1515,2023-11-10,275.0,-545.9213602552024,3,False
CALLS_1DTE_1515,2023-11-13,-520.0,-541.5599474601734,3,False
CALLS_1DTE_1515,2023-11-14,415.0,-546.6922902645116,3,False
CALLS_1DTE_1515,2023-11-15,445.0,-566.5765142082979,3,False
CALLS_1DTE_1515,2023-11-16,-530.0,-523.9676116010386,3,False
CALLS_1DTE_1515,2023-11-17,-560.0,-566.4965997986404,3,False
CALLS_1DTE_1515,2023-11-20,410.0,-571.5302092296353,3,False
CALLS_1DTE_1515,2023-11-21,-540.0,-550.360681946376,3,False
CALLS_1DTE_1515,2023-11-22,11.0,-568.1668883594864,3,False
CALLS_1DTE_1515,2023-11-27,-29.0,-556.9311921361705,3,False
CALLS_1DTE_1515,2023-11-28,382.0,-574.4321194041321,3,False
CALLS_1DTE_1515,2023-11-29,-535.0,-554.7474643024599,3,False
CALLS_1DTE_1515,2023-11-30,-565.0,-558.7665251234047,3,False
CALLS_1DTE_1515,2023-12-01,455.0,-555.0770218235715,3,False
CALLS_1DTE_1515,2023-12-04,-248.0,-546.1620249011347,3,False
CALLS_1DTE_1515,2023-12-05,425.0,-559.1737460644426,3,False
CALLS_1DTE_1515,2023-12-06,-590.0,-552.7629972747653,3,False
CALLS_1DTE_1515,2023-12-07,-530.0,-573.0620521648583,3,False
CALLS_1DTE_1515,2023-12-08,-550.0,-548.9385839807308,3,False
CALLS_1DTE_1515,2023-12-11,-560.0,-549.4716190375906,3,False
CALLS_1DTE_1515,2023-12-12,-525.0,-575.2400943232761,3,False
CALLS_1DTE_1515,2023-12-13,-575.0,-576.7345899989275,3,False
CALLS_1DTE_1515,2023-12-14,31.0,-584.2651593428553,3,False
CALLS_1DTE_1515,2023-12-15,-540.0,-570.1930409906487,3,False
CALLS_1DTE_1515,2023-12-18,-565.0,-572.3272098683277,3,False
CALLS_1DTE_1515,2023-12-19,445.0,-571.6788402503895,3,False
CALLS_1DTE_1515,2023-12-20,-535.0,-569.0907244633721,3,False
CALLS_1DTE_1515,2023-12-21,-570.0,-557.2261926141286,3,False
CALLS_1DTE_1515,2023-12-22,-575.0,-581.5836446247487,3,False
CALLS_1DTE_1515,2023-12-26,252.0,-575.8431373006141,3,False
CALLS_1DTE_1515,2023-12-27,85.0,-559.0567592173334,3,False
CALLS_1DTE_1515,2023-12-28,420.0,-556.1274205813282,3,False
CALLS_1DTE_1515,2023-12-29,430.0,-568.6371630868858,3,False
CALLS_1DTE_1515,2024-01-02,455.0,-544.6094469467259,3,False
CALLS_1DTE_1515,2024-01-03,445.0,-532.780428606495,3,False
CALLS_1DTE_1515,2024-01-04,440.0,-566.8377755443793,3,False
CALLS_1DTE_1515,2024-01-05,-560.0,-585.31620256758,3,False
CALLS_1DTE_1515,2024-01-08,-180.0,-568.7625614944625,3,False
CALLS_1DTE_1515,2024-01-09,-580.0,-541.7121939340142,3,False
CALLS_1DTE_1515,2024-01-10,450.0,-573.0320139328744,3,False
CALLS_1DTE_1515,2024-01-11,37.0,-542.7943255183687,3,False
CALLS_1DTE_1515,2024-01-12,450.0,-564.0856327246968,3,False
CALLS_1DTE_1515,2024-01-16,420.0,-551.9028004079861,3,False
CALLS_1DTE_1515,2024-01-17,-530.0,-524.5711130109871,3,False
CALLS_1DTE_1515,2024-01-18,-535.0,-543.6867074389505,3,False
CALLS_1DTE_1515,2024-01-19,-560.0,-568.8605855381841,3,False
CALLS_1DTE_1515,2024-01-22,-535.0,-571.1139777629759,4,False
CALLS_1DTE_1515,2024-01-23,85.0,-582.7564679988283,4,False
CALLS_1DTE_1515,2024-01-24,-530.0,-559.598473468355,4,False
CALLS_1DTE_1515,2024-01-25,-550.0,-564.3815527451687,4,False
CALLS_1DTE_1515,2024-01-26,-550.0,-557.6853596015998,4,False
CALLS_1DTE_1515,2024-01-29,-527.0,-565.6421302693313,4,False
CALLS_1DTE_1515,2024-01-30,480.0,-560.5816090554249,4,False
CALLS_1DTE_1515,2024-01-31,-535.0,-519.777341070422,4,False
CALLS_1DTE_1515,2024-02-01,-515.0,-553.7890039723519,4,False
CALLS_1DTE_1515,2024-02-02,480.0,-579.5189272046856,4,False
CALLS_1DTE_1515,2024-02-05,-513.0,-527.5832392127786,4,False
CALLS_1DTE_1515,2024-02-06,-570.0,-564.6421714772566,4,False
CALLS_1DTE_1515,2024-02-07,420.0,-571.7269561727372,4,False
CALLS_1DTE_1515,2024-02-08,-530.0,-579.1560232831876,4,False
CALLS_1DTE_1515,2024-02-09,450.0,-569.7585637088094,4,False
CALLS_1DTE_1515,2024-02-12,445.0,-566.1982831377777,4,False
CALLS_1DTE_1515,2024-02-13,-540.0,-522.9035708848099,4,False
CALLS_1DTE_1515,2024-02-14,-520.0,-547.8632365525131,4,False
CALLS_1DTE_1515,2024-02-15,445.0,-560.5007498095575,4,False
CALLS_1DTE_1515,2024-02-16,460.0,-566.4347505146334,4,False
CALLS_1DTE_1515,2024-02-20,-210.0,-520.7782624363596,4,False
CALLS_1DTE_1515,2024-02-21,-545.0,-512.1781403745972,4,False
CALLS_1DTE_1515,2024-02-22,75.0,-549.0836889901044,4,False
CALLS_1DTE_1515,2024-02-23,435.0,-558.9939118197835,4,False
CALLS_1DTE_1515,2024-02-26,470.0,-562.5389107591036,4,False
CALLS_1DTE_1515,2024-02-27,440.0,-564.8784342695111,4,False
CALLS_1DTE_1515,2024-02-28,-510.0,-553.5819192770243,4,False
CALLS_1DTE_1515,2024-02-29,-525.0,-570.989820302905,4,False
CALLS_1DTE_1515,2024-03-01,440.0,-554.5203011600139,4,False
CALLS_1DTE_1515,2024-03-04,430.0,-552.4840673773925,4,False
CALLS_1DTE_1515,2024-03-05,-540.0,-508.29842082488966,4,False
CALLS_1DTE_1515,2024-03-06,-510.0,-541.510269670652,4,False
CALLS_1DTE_1515,2024-03-07,470.0,-545.3917026092714,4,False
CALLS_1DTE_1515,2024-03-08,500.0,-546.2719166121522,4,False
CALLS_1DTE_1515,2024-03-11,-535.0,-532.6306869585376,4,False
CALLS_1DTE_1515,2024-03-12,480.0,-553.4149274271522,4,False
CALLS_1DTE_1515,2024-03-13,480.0,-564.6935359755189,4,False
CALLS_1DTE_1515,2024-03-14,490.0,-527.7537804644057,4,False
CALLS_1DTE_1515,2024-03-15,-550.0,-548.4731252911944,4,False
CALLS_1DTE_1515,2024-03-18,-510.0,-552.6195975628419,4,False
CALLS_1DTE_1515,2024-03-19,-510.0,-534.1495803523547,4,False
CALLS_1DTE_1515,2024-03-20,-525.0,-548.4038756372349,4,False
CALLS_1DTE_1515,2024-03-21,480.0,-576.3767032629789,4,False
CALLS_1DTE_1515,2024-03-22,460.0,-577.8685798432167,4,False
CALLS_1DTE_1515,2024-03-25,455.0,-546.6073959738993,4,False
CALLS_1DTE_1515,2024-03-26,-550.0,-583.3008786580101,4,False
CALLS_1DTE_1515,2024-03-27,-510.0,-585.2870886488154,4,False
CALLS_1DTE_1515,2024-03-28,490.0,-575.2774361710152,4,False
CALLS_1DTE_1515,2024-04-01,460.0,-563.7939649547177,4,False
CALLS_1DTE_1515,2024-04-02,-555.0,-527.4089545907367,4,False
CALLS_1DTE_1515,2024-04-03,495.0,-550.3955338181047,4,False
CALLS_1DTE_1515,2024-04-04,-500.0,-563.0116829440909,4,False
CALLS_1DTE_1515,2024-04-05,291.0,-540.0206025124292,4,False
CALLS_1DTE_1515,2024-04-08,490.0,-534.7169795243101,4,False
CALLS_1DTE_1515,2024-04-09,490.0,-513.8234280956599,4,False
CALLS_1DTE_1515,2024-04-10,-510.0,-526.1094414511998,4,False
CALLS_1DTE_1515,2024-04-11,485.0,-543.0157400833473,4,False
CALLS_1DTE_1515,2024-04-12,500.0,-502.3230347457088,4,True
CALLS_1DTE_1515,2024-04-15,475.0,-524.6565734740154,4,False
CALLS_1DTE_1515,2024-04-16,480.0,-542.3814572179093,4,False
CALLS_1DTE_1515,2024-04-17,460.0,-524.471087929303,4,False
CALLS_1DTE_1515,2024-04-18,455.0,-531.8689687495901,4,False
CALLS_1DTE_1515,2024-04-19,-515.0,-532.3381672654425,4,False
CALLS_1DTE_1515,2024-04-22,-495.0,-556.3666167183388,4,False
CALLS_1DTE_1515,2024-04-23,327.0,-530.9473572077744,4,False
CALLS_1DTE_1515,2024-04-24,485.0,-533.4816279190027,4,False
CALLS_1DTE_1515,2024-04-25,-500.0,-524.1493588577905,4,False
CALLS_1DTE_1515,2024-04-26,-157.0,-537.8935060302761,4,False
CALLS_1DTE_1515,2024-04-29,460.0,-532.8069805894838,4,False
CALLS_1DTE_1515,2024-04-30,485.0,-514.1208128332257,4,False
CALLS_1DTE_1515,2024-05-01,500.0,-533.2595681514459,4,False
CALLS_1DTE_1515,2024-05-02,-530.0,-544.7633409606939,4,False
CALLS_1DTE_1515,2024-05-03,-505.0,-557.2927183064302,4,False
CALLS_1DTE_1515,2024-05-06,-510.0,-569.5965771246613,4,False
CALLS_1DTE_1515,2024-05-07,228.0,-564.6936564074852,4,False
CALLS_1DTE_1515,2024-05-08,-515.0,-542.3686796865057,4,False
CALLS_1DTE_1515,2024-05-09,-505.0,-568.4833619873546,4,False
CALLS_1DTE_1515,2024-05-10,348.0,-585.1310225651597,4,False
CALLS_1DTE_1515,2024-05-13,-500.0,-569.0005191584687,4,False
CALLS_1DTE_1515,2024-05-14,-500.0,-559.353242264468,4,False
CALLS_1DTE_1515,2024-05-15,470.0,-571.7219386165602,4,False
CALLS_1DTE_1515,2024-05-16,470.0,-576.3244096938558,4,False
CALLS_1DTE_1515,2024-05-17,-368.0,-563.7369394227228,5,False
CALLS_1DTE_1515,2024-05-20,-211.0,-575.2873772597508,5,False
CALLS_1DTE_1515,2024-05-21,410.0,-554.9169322932007,5,False
CALLS_1DTE_1515,2024-05-22,450.0,-550.5123788790501,5,False
CALLS_1DTE_1515,2024-05-23,-500.0,-545.2225632746347,5,False
CALLS_1DTE_1515,2024-05-24,-174.0,-562.1952468695722,5,False
CALLS_1DTE_1515,2024-05-28,445.0,-566.1898849222149,5,False
CALLS_1DTE_1515,2024-05-29,465.0,-566.8507904954259,5,False
CALLS_1DTE_1515,2024-05-30,-540.0,-542.7271361634971,5,False
CALLS_1DTE_1515,2024-05-31,-580.0,-521.1571847920484,5,False
CALLS_1DTE_1515,2024-06-03,-545.0,-549.057249531819,5,False
CALLS_1DTE_1515,2024-06-04,-515.0,-556.6031396349638,5,False
CALLS_1DTE_1515,2024-06-05,179.0,-562.2229224981082,5,False
CALLS_1DTE_1515,2024-06-06,495.0,-570.4521571900349,5,False
CALLS_1DTE_1515,2024-06-07,-515.0,-564.8222358920972,5,False
CALLS_1DTE_1515,2024-06-10,-550.0,-549.0281662138476,5,False
CALLS_1DTE_1515,2024-06-11,-520.0,-539.6614543351033,5,False
CALLS_1DTE_1515,2024-06-12,480.0,-554.0097225877702,5,False
CALLS_1DTE_1515,2024-06-13,325.0,-562.7575987372277,5,False
CALLS_1DTE_1515,2024-06-14,-585.0,-562.6144494891779,5,False
CALLS_1DTE_1515,2024-06-17,277.0,-563.5833533423278,5,False
CALLS_1DTE_1515,2024-06-18,410.0,-564.2744572657693,5,False
CALLS_1DTE_1515,2024-06-20,490.0,-562.6485795925045,5,False
CALLS_1DTE_1515,2024-06-21,410.0,-540.819895551707,5,False
CALLS_1DTE_1515,2024-06-24,40.0,-552.5996494562597,5,False
CALLS_1DTE_1515,2024-06-25,-525.0,-567.2105878965365,5,False
CALLS_1DTE_1515,2024-06-26,-545.0,-553.1136600688135,5,False
CALLS_1DTE_1515,2024-06-27,455.0,-564.2764024229018,5,False
CALLS_1DTE_1515,2024-06-28,386.0,-570.8699000870699,5,False
CALLS_1DTE_1515,2024-07-01,-590.0,-575.4550008065863,5,False
CALLS_1DTE_1515,2024-07-02,-565.0,-563.8239953211014,5,False
CALLS_1DTE_1515,2024-07-05,-335.0,-554.2111229018478,5,False
CALLS_1DTE_1515,2024-07-08,-258.0,-563.2266453364223,5,False
CALLS_1DTE_1515,2024-07-09,-580.0,-565.9096239144993,5,False
CALLS_1DTE_1515,2024-07-10,485.0,-561.5788904345992,5,False
CALLS_1DTE_1515,2024-07-11,-530.0,-532.2676295514005,5,False
CALLS_1DTE_1515,2024-07-12,435.0,-574.2810336294793,5,False
CALLS_1DTE_1515,2024-07-15,-510.0,-563.2684691029136,5,False
CALLS_1DTE_1515,2024-07-16,440.0,-553.4529722755846,5,False
CALLS_1DTE_1515,2024-07-17,465.0,-564.418581605241,5,False
CALLS_1DTE_1515,2024-07-18,515.0,-519.2489386568109,5,False
CALLS_1DTE_1515,2024-07-19,-540.0,-533.9918784336908,5,False
CALLS_1DTE_1515,2024-07-22,495.0,-515.1832477995298,5,False
CALLS_1DTE_1515,2024-07-23,460.0,-538.4902586029456,5,False
CALLS_1DTE_1515,2024-07-24,460.0,-507.81436835263787,5,False
CALLS_1DTE_1515,2024-07-25,-505.0,-539.0873709732617,5,False
CALLS_1DTE_1515,2024-07-26,116.0,-528.9399468774957,5,False
CALLS_1DTE_1515,2024-07-29,510.0,-535.8492302919869,5,False
CALLS_1DTE_1515,2024-07-30,-510.0,-510.5053770950193,5,False
CALLS_1DTE_1515,2024-07-31,485.0,-535.3396153799972,5,False
CALLS_1DTE_1515,2024-08-01,475.0,-511.0665981352177,5,False
CALLS_1DTE_1515,2024-08-02,485.0,-505.85119118233973,5,False
CALLS_1DTE_1515,2024-08-05,-465.0,-512.5353326195002,5,False
CALLS_1DTE_1515,2024-08-06,525.0,-525.7179950048055,5,False
CALLS_1DTE_1515,2024-08-07,-495.0,-517.4121410958604,5,False
CALLS_1DTE_1515,2024-08-08,-465.0,-525.3575524250265,5,False
CALLS_1DTE_1515,2024-08-09,500.0,-541.4351273359088,5,False
CALLS_1DTE_1515,2024-08-12,-450.0,-532.5021001900632,5,False
CALLS_1DTE_1515,2024-08-13,-455.0,-516.294428519341,5,False
CALLS_1DTE_1515,2024-08-14,-495.0,-534.3028058335512,5,False
CALLS_1DTE_1515,2024-08-15,-475.0,-512.9080893421811,5,False
CALLS_1DTE_1515,2024-08-16,-550.0,-528.9972541841748,5,False
CALLS_1DTE_1515,2024-08-19,-202.0,-517.9979713676807,5,False
CALLS_1DTE_1515,2024-08-20,-495.0,-550.2468126905961,5,False
CALLS_1DTE_1515,2024-08-21,480.0,-542.0536352426801,5,False
CALLS_1DTE_1515,2024-08-22,-500.0,-521.9334468175466,5,False
CALLS_1DTE_1515,2024-08-23,470.0,-531.0682886880523,5,False
CALLS_1DTE_1515,2024-08-26,-130.0,-519.3386650754352,5,False
CALLS_1DTE_1515,2024-08-27,475.0,-522.348998928155,5,False
CALLS_1DTE_1515,2024-08-28,-206.0,-528.8389381252582,5,False
CALLS_1DTE_1515,2024-08-29,-485.0,-521.8256562954338,5,False
CALLS_1DTE_1515,2024-08-30,430.0,-538.0429584409754,5,False
CALLS_1DTE_1515,2024-09-03,440.0,-506.9405021991111,5,False
CALLS_1DTE_1515,2024-09-04,510.0,-548.8380115142583,5,False
CALLS_1DTE_1515,2024-09-05,495.0,-545.200116467643,5,False
CALLS_1DTE_1515,2024-09-06,-530.0,-508.27812058000495,5,False
CALLS_1DTE_1515,2024-09-09,-480.0,-542.9506706958465,5,False
CALLS_1DTE_1515,2024-09-10,-495.0,-544.6999477437647,5,False
CALLS_1DTE_1515,2024-09-11,-490.0,-530.4141670925959,5,False
CALLS_1DTE_1515,2024-09-12,-515.0,-538.8804471869819,5,False
CALLS_1DTE_1515,2024-09-13,-495.0,-520.0849977956415,5,False
CALLS_1DTE_1515,2024-09-16,12.0,-535.4492314723634,5,False
CALLS_1DTE_1515,2024-09-17,510.0,-523.1058437075143,6,False
CALLS_1DTE_1515,2024-09-18,-500.0,-539.303237821189,6,False
CALLS_1DTE_1515,2024-09-19,520.0,-536.3094388578849,6,False
CALLS_1DTE_1515,2024-09-20,-535.0,-535.5296517565657,6,False
CALLS_1DTE_1515,2024-09-23,-535.0,-524.9040090184192,6,False
CALLS_1DTE_1515,2024-09-24,460.0,-530.7838663013462,6,False
CALLS_1DTE_1515,2024-09-25,-500.0,-524.2985915796542,6,False
CALLS_1DTE_1515,2024-09-26,510.0,-516.9347279618066,6,False
CALLS_1DTE_1515,2024-09-27,-515.0,-522.3064068191952,6,False
CALLS_1DTE_1515,2024-09-30,510.0,-541.0213996374455,6,False
CALLS_1DTE_1515,2024-10-01,515.0,-513.3750707075912,6,False
CALLS_1DTE_1515,2024-10-02,495.0,-530.4605812826076,6,False
CALLS_1DTE_1515,2024-10-03,-475.0,-546.1281718728451,6,False
CALLS_1DTE_1515,2024-10-04,480.0,-540.3234565690491,6,False
CALLS_1DTE_1515,2024-10-07,-470.0,-532.1797160168004,6,False
CALLS_1DTE_1515,2024-10-08,-475.0,-518.1684648707992,6,False
CALLS_1DTE_1515,2024-10-09,510.0,-514.7925677457068,6,False
CALLS_1DTE_1515,2024-10-10,-455.0,-545.0503813465409,6,False
CALLS_1DTE_1515,2024-10-11,-490.0,-536.1526458492638,6,False
CALLS_1DTE_1515,2024-10-14,445.0,-525.8855060404187,6,False
CALLS_1DTE_1515,2024-10-15,-500.0,-517.8354140104268,6,False
CALLS_1DTE_1515,2024-10-16,465.0,-537.4485111131735,6,False
CALLS_1DTE_1515,2024-10-17,-480.0,-523.2924348601297,6,False
CALLS_1DTE_1515,2024-10-18,425.0,-540.3640228272851,6,False
CALLS_1DTE_1515,2024-10-21,345.0,-546.2792742552647,6,False
CALLS_1DTE_1515,2024-10-22,450.0,-536.5056226910062,6,False
CALLS_1DTE_1515,2024-10-23,-525.0,-524.2922791180994,6,False
CALLS_1DTE_1515,2024-10-24,535.0,-540.0887417471906,6,False
CALLS_1DTE_1515,2024-10-25,-357.0,-513.9834563806257,6,False
CALLS_1DTE_1515,2024-10-28,228.0,-531.25764499724,6,False
CALLS_1DTE_1515,2024-10-29,470.0,-540.057653621017,6,False
CALLS_1DTE_1515,2024-10-30,485.0,-544.5831669047001,6,False
CALLS_1DTE_1515,2024-10-31,510.0,-523.1766458191848,6,False
CALLS_1DTE_1515,2024-11-01,480.0,-531.5652406149416,6,False
CALLS_1DTE_1515,2024-11-04,-510.0,-553.7713206236396,6,False
CALLS_1DTE_1515,2024-11-05,-470.0,-534.1905802799223,6,False
CALLS_1DTE_1515,2024-11-06,-495.0,-518.2781220938389,6,False
CALLS_1DTE_1515,2024-11-07,-500.0,-510.02723799744405,6,False
CALLS_1DTE_1515,2024-11-08,430.0,-505.57728460321556,6,False
CALLS_1DTE_1515,2024-11-11,490.0,-530.0922659498453,6,False
CALLS_1DTE_1515,2024-11-12,480.0,-541.061125073942,6,False
CALLS_1DTE_1515,2024-11-13,450.0,-552.2878674561138,6,False
CALLS_1DTE_1515,2024-11-14,495.0,-554.3329969016337,6,False
CALLS_1DTE_1515,2024-11-15,-570.0,-519.6437691320714,6,False
CALLS_1DTE_1515,2024-11-18,-510.0,-506.6337480366918,6,False
CALLS_1DTE_1515,2024-11-19,-211.0,-521.9951015173646,6,False
CALLS_1DTE_1515,2024-11-20,-520.0,-523.1945632628576,6,False
CALLS_1DTE_1515,2024-11-21,-404.0,-534.1437918840307,6,False
CALLS_1DTE_1515,2024-11-22,-550.0,-534.876984020505,6,False
CALLS_1DTE_1515,2024-11-25,-520.0,-524.9667122820579,6,False
CALLS_1DTE_1515,2024-11-26,495.0,-544.8381281972618,6,False
CALLS_1DTE_1515,2024-11-27,-545.0,-546.9478326444219,6,False
CALLS_1DTE_1515,2024-12-02,475.0,-571.0021409249981,6,False
CALLS_1DTE_1515,2024-12-03,-525.0,-537.9463276658349,6,False
CALLS_1DTE_1515,2024-12-04,450.0,-549.1894775567837,6,False
CALLS_1DTE_1515,2024-12-05,-480.0,-544.7788260295642,6,False
CALLS_1DTE_1515,2024-12-06,380.0,-546.2158855040102,6,False
CALLS_1DTE_1515,2024-12-09,480.0,-554.4722650089034,6,False
CALLS_1DTE_1515,2024-12-10,-535.0,-535.4449070926705,6,False
CALLS_1DTE_1515,2024-12-11,445.0,-546.3775967795806,6,False
CALLS_1DTE_1515,2024-12-12,525.0,-545.7689250483601,6,False
CALLS_1DTE_1515,2024-12-13,-615.0,-568.0293214581595,6,False
CALLS_1DTE_1515,2024-12-16,460.0,-529.1490890606938,6,False
CALLS_1DTE_1515,2024-12-17,500.0,-552.1816762554813,6,False
CALLS_1DTE_1515,2024-12-18,495.0,-522.7535323439286,6,False
CALLS_1DTE_1515,2024-12-19,-475.0,-533.7447227594354,6,False
CALLS_1DTE_1515,2024-12-20,-480.0,-533.333445381144,6,False
CALLS_1DTE_1515,2024-12-23,-470.0,-533.8859254431015,6,False
CALLS_1DTE_1515,2024-12-26,470.0,-537.7380564226677,6,False
CALLS_1DTE_1515,2024-12-27,465.0,-519.7246722898102,6,False
CALLS_1DTE_1515,2024-12-30,485.0,-531.5933445580006,6,False
CALLS_1DTE_1515,2024-12-31,480.0,-521.216011501463,6,False
CALLS_1DTE_1515,2025-01-02,-485.0,-513.638817969064,6,False
CALLS_1DTE_1515,2025-01-03,-540.0,-520.834938732793,6,False
CALLS_1DTE_1515,2025-01-06,475.0,-519.2585636947236,6,False
CALLS_1DTE_1515,2025-01-07,-310.0,-511.2110517031157,6,False
CALLS_1DTE_1515,2025-01-10,-137.0,-516.4872573774632,6,False
CALLS_1DTE_1515,2025-01-13,-505.0,-529.1966809520658,6,False
CALLS_1DTE_1515,2025-01-14,-500.0,-515.8416684582763,6,False
CALLS_1DTE_1515,2025-01-15,485.0,-521.1491426308265,6,False
CALLS_1DTE_1515,2025-01-16,-500.0,-523.3762438671928,6,False
CALLS_1DTE_1515,2025-01-17,-500.0,-523.7286247331556,6,False
CALLS_1DTE_1515,2025-01-21,-525.0,-524.5551098217712,7,False
CALLS_1DTE_1515,2025-01-22,-515.0,-516.8684482283575,7,False
CALLS_1DTE_1515,2025-01-23,391.0,-536.0825330900869,7,False
CALLS_1DTE_1515,2025-01-24,455.0,-529.3062751763518,7,False
CALLS_1DTE_1515,2025-01-27,-505.0,-516.4493214100189,7,False
CALLS_1DTE_1515,2025-01-28,515.0,-534.9688204246365,7,False
CALLS_1DTE_1515,2025-01-29,-520.0,-544.114632260357,7,False
CALLS_1DTE_1515,2025-01-30,520.0,-533.3643399134301,7,False
CALLS_1DTE_1515,2025-01-31,515.0,-498.08456852952634,7,True
CALLS_1DTE_1515,2025-02-03,-475.0,-511.1165020274819,7,False
CALLS_1DTE_1515,2025-02-04,-485.0,-532.2421808546742,7,False
CALLS_1DTE_1515,2025-02-05,-500.0,-542.2653180980503,7,False
CALLS_1DTE_1515,2025-02-06,555.0,-520.5912359003794,7,False
CALLS_1DTE_1515,2025-02-07,-490.0,-532.0065124812288,7,False
CALLS_1DTE_1515,2025-02-10,535.0,-507.23396600637057,7,False
CALLS_1DTE_1515,2025-02-11,515.0,-527.7252029502903,7,False
CALLS_1DTE_1515,2025-02-12,-480.0,-534.4446485775777,7,False
CALLS_1DTE_1515,2025-02-13,87.0,-536.656517252946,7,False
CALLS_1DTE_1515,2025-02-14,-483.0,-531.9298903740957,7,False
CALLS_1DTE_1515,2025-02-18,-505.0,-526.7439016849593,7,False
CALLS_1DTE_1515,2025-02-19,500.0,-542.0876106429696,7,False
CALLS_1DTE_1515,2025-02-20,540.0,-525.9487608683243,7,False
CALLS_1DTE_1515,2025-02-21,505.0,-521.5443312097524,7,False
CALLS_1DTE_1515,2025-02-24,525.0,-519.6129379452558,7,False
CALLS_1DTE_1515,2025-02-25,515.0,-534.6583387608371,7,False
CALLS_1DTE_1515,2025-02-26,530.0,-521.0161229231995,7,False
CALLS_1DTE_1515,2025-02-27,-485.0,-497.270987162025,7,True
CALLS_1DTE_1515,2025-02-28,530.0,-515.2016335746719,7,False
CALLS_1DTE_1515,2025-03-03,510.0,-516.6675233944485,7,False
CALLS_1DTE_1515,2025-03-04,520.0,-522.0110038043756,7,False
CALLS_1DTE_1515,2025-03-05,520.0,-549.6895659842821,7,False
CALLS_1DTE_1515,2025-03-06,-505.0,-532.0915513430101,7,False
CALLS_1DTE_1515,2025-03-07,505.0,-532.920024430043,7,False
CALLS_1DTE_1515,2025-03-10,505.0,-517.5858578307661,7,False
CALLS_1DTE_1515,2025-03-11,490.0,-529.0230325689228,7,False
CALLS_1DTE_1515,2025-03-12,500.0,-528.7756396010101,7,False
CALLS_1DTE_1515,2025-03-13,-500.0,-517.8066905992076,7,False
CALLS_1DTE_1515,2025-03-14,-495.0,-516.3199121156628,7,False
CALLS_1DTE_1515,2025-03-17,500.0,-544.2148604434078,7,False
CALLS_1DTE_1515,2025-03-18,-530.0,-513.6178109425543,7,False
CALLS_1DTE_1515,2025-03-19,535.0,-556.6440701030754,7,False
CALLS_1DTE_1515,2025-03-20,-266.0,-512.4833253059993,7,False
CALLS_1DTE_1515,2025-03-21,-515.0,-537.4049507549369,7,False
CALLS_1DTE_1515,2025-03-24,-480.0,-505.63694621700796,7,False
CALLS_1DTE_1515,2025-03-25,495.0,-516.331039117888,7,False
CALLS_1DTE_1515,2025-03-26,490.0,-517.6490023149242,7,False
CALLS_1DTE_1515,2025-03-27,500.0,-515.3816044719043,7,False
CALLS_1DTE_1515,2025-03-28,-500.0,-512.4343679801542,7,False
CALLS_1DTE_1515,2025-03-31,-480.0,-540.0150836813219,7,False
CALLS_1DTE_1515,2025-04-01,-510.0,-542.3833575043957,7,False
CALLS_1DTE_1515,2025-04-02,515.0,-520.6199450772448,7,False
CALLS_1DTE_1515,2025-04-03,510.0,-517.5858578307661,7,False
CALLS_1DTE_1515,2025-04-04,555.0,-517.5858578307661,7,False
CALLS_1DTE_1515,2025-04-07,525.0,-517.0767982107085,7,False
CALLS_1DTE_1515,2025-04-08,-465.0,-502.21542619543095,7,True
CALLS_1DTE_1515,2025-04-09,520.0,-538.8715546879669,7,False
CALLS_1DTE_1515,2025-04-10,-455.0,-517.5858578307661,7,False
CALLS_1DTE_1515,2025-04-11,-485.0,-533.2002967398404,7,False
CALLS_1DTE_1515,2025-04-14,525.0,-522.2191694731114,7,False
CALLS_1DTE_1515,2025-04-15,515.0,-536.3549211247378,7,False
CALLS_1DTE_1515,2025-04-16,-480.0,-533.3746296565597,7,False
CALLS_1DTE_1515,2025-04-17,500.0,-530.9354507537294,7,False
CALLS_1DTE_1515,2025-04-21,-490.0,-517.5858578307661,7,False
CALLS_1DTE_1515,2025-04-22,-480.0,-512.018789000833,7,False
CALLS_1DTE_1515,2025-04-23,-480.0,-515.6041933562617,7,False
CALLS_1DTE_1515,2025-04-24,-460.0,-517.4482250948215,7,False
CALLS_1DTE_1515,2025-04-25,-365.0,-538.7631915376866,7,False
CALLS_1DTE_1515,2025-04-28,-485.0,-539.2436735025135,7,False
CALLS_1DTE_1515,2025-04-29,119.0,-513.7821702299493,7,False
CALLS_1DTE_1515,2025-04-30,-480.0,-535.8358014417328,7,False
CALLS_1DTE_1515,2025-05-01,-475.0,-517.2626901897598,7,False
CALLS_1DTE_1515,2025-05-02,520.0,-508.17230358895733,7,False
CALLS_1DTE_1515,2025-05-05,500.0,-530.9967928687502,7,False
CALLS_1DTE_1515,2025-05-06,-143.0,-519.7755903754402,7,False
CALLS_1DTE_1515,2025-05-07,-495.0,-539.0406225233852,7,False
CALLS_1DTE_1515,2025-05-08,515.0,-538.6108578667942,7,False
CALLS_1DTE_1515,2025-05-09,-535.0,-550.8927122997827,7,False
CALLS_1DTE_1515,2025-05-12,-480.0,-526.2691982253009,7,False
CALLS_1DTE_1515,2025-05-13,470.0,-509.5435765634336,7,False
CALLS_1DTE_1515,2025-05-14,-500.0,-518.7161690257085,7,False
CALLS_1DTE_1515,2025-05-15,-470.0,-529.3818431035291,7,False
CALLS_1DTE_1515,2025-05-16,-370.0,-527.6500865117611,7,False
CALLS_1DTE_1515,2025-05-19,520.0,-494.2977643967076,8,False
CALLS_1DTE_1515,2025-05-20,470.0,-514.1797502023679,8,False
CALLS_1DTE_1515,2025-05-21,490.0,-503.44334361428696,8,False
CALLS_1DTE_1515,2025-05-22,520.0,-529.7248314845212,8,False
CALLS_1DTE_1515,2025-05-23,-485.0,-527.5714435385846,8,False
CALLS_1DTE_1515,2025-05-27,500.0,-513.927541952655,8,False
CALLS_1DTE_1515,2025-05-28,278.0,-534.1009986209712,8,False
CALLS_1DTE_1515,2025-05-29,-525.0,-509.49087189522237,8,False
CALLS_1DTE_1515,2025-05-30,-510.0,-547.4461499734135,8,False
CALLS_1DTE_1515,2025-06-02,-505.0,-516.3695102804802,8,False
CALLS_1DTE_1515,2025-06-03,419.0,-515.2907517566871,8,False
CALLS_1DTE_1515,2025-06-04,510.0,-531.6305840521586,8,False
CALLS_1DTE_1515,2025-06-05,-505.0,-506.515708424927,8,False
CALLS_1DTE_1515,2025-06-06,470.0,-506.7750147651277,8,False
CALLS_1DTE_1515,2025-06-09,-510.0,-539.0038880104141,8,False
CALLS_1DTE_1515,2025-06-10,490.0,-528.9172364672506,8,False
CALLS_1DTE_1515,2025-06-11,-500.0,-516.0545130023156,8,False
CALLS_1DTE_1515,2025-06-12,540.0,-510.23116739026307,8,False
CALLS_1DTE_1515,2025-06-13,-470.0,-528.1112155517161,8,False
CALLS_1DTE_1515,2025-06-16,540.0,-503.3782263495482,8,False
CALLS_1DTE_1515,2025-06-17,545.0,-554.7944498982246,8,False
CALLS_1DTE_1515,2025-06-18,545.0,-514.1689483317843,8,False
CALLS_1DTE_1515,2025-06-20,-480.0,-513.6126323539128,8,False
CALLS_1DTE_1515,2025-06-23,-480.0,-512.5483956098539,8,False
CALLS_1DTE_1515,2025-06-24,515.0,-532.2467807978944,8,False
CALLS_1DTE_1515,2025-06-25,-490.0,-510.5235534199847,8,False
CALLS_1DTE_1515,2025-06-26,-515.0,-519.9604407072767,8,False
CALLS_1DTE_1515,2025-06-27,-510.0,-510.02644685125415,8,False
CALLS_1DTE_1515,2025-06-30,455.0,-534.7997700829961,8,False
CALLS_1DTE_1515,2025-07-01,-525.0,-536.7097685460676,8,False
CALLS_1DTE_1515,2025-07-02,-480.0,-526.1183014400926,8,False
CALLS_1DTE_1515,2025-07-07,-47.0,-521.2651968756013,8,False
CALLS_1DTE_1515,2025-07-08,-510.0,-525.3109747881683,8,False
CALLS_1DTE_1515,2025-07-09,-540.0,-524.5851747427769,8,False
CALLS_1DTE_1515,2025-07-10,515.0,-533.6037136029283,8,False
CALLS_1DTE_1515,2025-07-11,134.0,-541.3362952538921,8,False
CALLS_1DTE_1515,2025-07-14,500.0,-541.7323153378446,8,False
CALLS_1DTE_1515,2025-07-15,-365.0,-511.9537845323078,8,False
CALLS_1DTE_1515,2025-07-16,-490.0,-529.7224924355929,8,False
CALLS_1DTE_1515,2025-07-17,510.0,-524.5489607346243,8,False
CALLS_1DTE_1515,2025-07-18,-525.0,-527.3030407343095,8,False
CALLS_1DTE_1515,2025-07-21,515.0,-515.3080518892367,8,False
CALLS_1DTE_1515,2025-07-22,-495.0,-531.1975707438451,8,False
CALLS_1DTE_1515,2025-07-23,-355.0,-528.8741585462229,8,False
CALLS_1DTE_1515,2025-07-24,-500.0,-532.853774740171,8,False
CALLS_1DTE_1515,2025-07-25,410.0,-523.5409508788188,8,False
CALLS_1DTE_1515,2025-07-28,485.0,-518.2603503953288,8,False
CALLS_1DTE_1515,2025-07-29,515.0,-536.0323403688751,8,False
CALLS_1DTE_1515,2025-07-30,505.0,-521.5710099907859,8,False
CALLS_1DTE_1515,2025-07-31,530.0,-528.209247132632,8,False
CALLS_1DTE_1515,2025-08-01,-455.0,-514.4784564342898,8,False
CALLS_1DTE_1515,2025-08-04,515.0,-502.2900020773329,8,False
CALLS_1DTE_1515,2025-08-05,-515.0,-517.1317278749491,8,False
CALLS_1DTE_1515,2025-08-06,535.0,-529.3913005520686,8,False
CALLS_1DTE_1515,2025-08-07,-465.0,-510.62374216317744,8,False
CALLS_1DTE_1515,2025-08-08,445.0,-530.0043401693611,8,False
CALLS_1DTE_1515,2025-08-11,-465.0,-518.9029039505788,8,False
CALLS_1DTE_1515,2025-08-12,-520.0,-519.7616921862902,8,False
CALLS_1DTE_1515,2025-08-13,-354.0,-530.5442025322673,8,False
CALLS_1DTE_1515,2025-08-14,550.0,-539.0603377993143,8,False
CALLS_1DTE_1515,2025-08-15,455.0,-529.5616729019904,8,False
CALLS_1DTE_1515,2025-08-18,445.0,-558.6358164436424,8,False
CALLS_1DTE_1515,2025-08-19,475.0,-524.0235176504698,8,False
CALLS_1DTE_1515,2025-08-20,525.0,-541.9589193907176,8,False
CALLS_1DTE_1515,2025-08-21,-470.0,-524.4077129699355,8,False
CALLS_1DTE_1515,2025-08-22,475.0,-535.710744180279,8,False
CALLS_1DTE_1515,2025-08-25,-550.0,-536.1974901940376,8,False
CALLS_1DTE_1515,2025-08-26,-540.0,-543.3212706818609,8,False
CALLS_1DTE_1515,2025-08-27,-470.0,-539.3026201537142,8,False
CALLS_1DTE_1515,2025-08-28,535.0,-540.765233917604,8,False
CALLS_1DTE_1515,2025-08-29,515.0,-546.6261931904168,8,False
CALLS_1DTE_1515,2025-09-02,-490.0,-540.5193861767744,8,False
CALLS_1DTE_1515,2025-09-03,-490.0,-504.9407729834507,8,False
CALLS_1DTE_1515,2025-09-04,530.0,-535.468770315962,8,False
CALLS_1DTE_1515,2025-09-05,-525.0,-515.7743234302484,8,False
CALLS_1DTE_1515,2025-09-08,-490.0,-508.8265302728333,8,False
CALLS_1DTE_1515,2025-09-09,-485.0,-524.5778282805953,8,False
CALLS_1DTE_1515,2025-09-10,-480.0,-523.2833676814205,8,False
CALLS_1DTE_1515,2025-09-11,550.0,-512.4037252943609,8,False
CALLS_1DTE_1515,2025-09-12,-520.0,-540.3647635190921,8,False
CALLS_1DTE_1515,2025-09-15,480.0,-524.2559168534667,8,False
CALLS_1DTE_1515,2025-09-16,510.0,-523.7446955564911,8,False
PUTS_0DTE_11,2023-01-25,-5640.0,-5135.52177987313,1,False
PUTS_0DTE_11,2023-01-26,415.0,-5950.137919520499,1,False
PUTS_0DTE_11,2023-01-27,440.0,-4277.047650667728,1,False
PUTS_0DTE_11,2023-01-30,-620.0,-4470.734646666038,1,False
PUTS_0DTE_11,2023-01-31,375.0,-1060.5572636607483,1,False
PUTS_0DTE_11,2023-02-01,-4970.0,-3968.4116068096014,1,False
PUTS_0DTE_11,2023-02-02,381.0,-2622.076531478933,1,False
PUTS_0DTE_11,2023-02-03,-550.0,-2645.0090098265964,1,False
PUTS_0DTE_11,2023-02-06,28.0,-4470.734646666038,1,False
PUTS_0DTE_11,2023-02-07,470.0,-4277.047650667728,1,False
PUTS_0DTE_11,2023-02-08,6056.0,-4284.1412311450695,1,False
PUTS_0DTE_11,2023-02-09,-595.0,-4822.810343822751,1,False
PUTS_0DTE_11,2023-02-10,400.0,-1854.0675526830619,1,False
PUTS_0DTE_11,2023-02-13,410.0,-1060.5572636607483,1,False
PUTS_0DTE_11,2023-02-14,440.0,-5729.431544509067,1,False
PUTS_0DTE_11,2023-02-15,11611.0,-5601.177157938635,1,False
PUTS_0DTE_11,2023-02-16,-620.0,-2773.2633963970275,1,False
PUTS_0DTE_11,2023-02-17,425.0,-5412.995564454903,1,False
PUTS_0DTE_11,2023-02-21,-580.0,-4136.6161083093175,1,False
PUTS_0DTE_11,2023-02-22,-5025.0,-4491.083404081828,1,False
PUTS_0DTE_11,2023-02-23,445.0,-5820.295354987304,1,False
PUTS_0DTE_11,2023-02-24,405.0,-5430.86501047081,1,False
PUTS_0DTE_11,2023-02-27,-640.0,-1566.2524913638435,1,False
PUTS_0DTE_11,2023-02-28,-550.0,-5913.683653899344,1,False
PUTS_0DTE_11,2023-03-01,4769.0,-4568.593880185591,1,False
PUTS_0DTE_11,2023-03-02,365.0,-122.36166453444496,1,False
PUTS_0DTE_11,2023-03-03,380.0,104.68488930002256,1,False
PUTS_0DTE_11,2023-03-06,-605.0,-1437.998104793412,1,False
PUTS_0DTE_11,2023-03-07,-540.0,-4763.217715811346,1,False
PUTS_0DTE_11,2023-03-08,-2467.0,-4833.9311364783125,1,False
PUTS_0DTE_11,2023-03-09,-645.0,-3837.3682690972128,1,False
PUTS_0DTE_11,2023-03-10,-570.0,-6096.928282208507,1,False
PUTS_0DTE_11,2023-03-13,-570.0,-1432.4721845654622,1,False
PUTS_0DTE_11,2023-03-14,-151.0,-1208.4360384260342,1,False
PUTS_0DTE_11,2023-03-15,-7505.0,-7974.4379940593935,1,False
PUTS_0DTE_11,2023-03-16,390.0,-140.16075646288542,1,False
PUTS_0DTE_11,2023-03-17,139.0,-6330.006416999311,1,False
PUTS_0DTE_11,2023-03-20,390.0,-1657.8574759067124,1,False
PUTS_0DTE_11,2023-03-21,430.0,-6151.34458979375,1,False
PUTS_0DTE_11,2023-03-22,-5410.0,-1693.2532788734063,1,False
PUTS_0DTE_11,2023-03-23,-630.0,-1190.5665924101265,1,False
PUTS_0DTE_11,2023-03-24,420.0,-6030.17814092735,1,False
PUTS_0DTE_11,2023-03-27,178.0,-6006.8887705082725,1,False
PUTS_0DTE_11,2023-03-28,370.0,-4894.587037956626,1,False
PUTS_0DTE_11,2023-03-29,-4480.0,-6023.090203223318,1,False
PUTS_0DTE_11,2023-03-30,340.0,-6021.502025260555,1,False
PUTS_0DTE_11,2023-03-31,345.0,280.2718318387009,1,False
PUTS_0DTE_11,2023-04-03,405.0,-5827.29077802862,1,False
PUTS_0DTE_11,2023-04-04,-585.0,-4460.629985763103,1,False
PUTS_0DTE_11,2023-04-05,-4385.0,-4373.598968145616,1,False
PUTS_0DTE_11,2023-04-06,340.0,-5729.431544509067,1,False
PUTS_0DTE_11,2023-04-10,400.0,-5729.431544509067,1,False
PUTS_0DTE_11,2023-04-11,355.0,-6147.8521276970305,1,False
PUTS_0DTE_11,2023-04-12,-4155.0,-4636.216928301782,1,False
PUTS_0DTE_11,2023-04-13,360.0,104.68488930002256,1,False
PUTS_0DTE_11,2023-04-14,400.0,-4553.980625433309,1,False
PUTS_0DTE_11,2023-04-17,355.0,-6078.665464642148,1,False
PUTS_0DTE_11,2023-04-18,385.0,-4636.216928301782,1,False
PUTS_0DTE_11,2023-04-19,-3610.0,-1725.8131661126304,1,False
PUTS_0DTE_11,2023-04-20,-615.0,-1644.4090630871985,1,False
PUTS_0DTE_11,2023-04-21,375.0,-4647.223401284072,1,False
PUTS_0DTE_11,2023-04-24,420.0,-6078.665464642148,1,False
PUTS_0DTE_11,2023-04-25,-625.0,-4284.1412311450695,1,False
PUTS_0DTE_11,2023-04-26,-5110.0,-4816.598585589475,1,False
PUTS_0DTE_11,2023-04-27,375.0,104.68488930002256,1,False
PUTS_0DTE_11,2023-04-28,420.0,-1342.3226633143613,1,False
PUTS_0DTE_11,2023-05-01,-665.0,-2693.8532256128037,1,False
PUTS_0DTE_11,2023-05-02,390.0,-4583.62265031626,1,False
PUTS_0DTE_11,2023-05-03,-4655.0,-4647.223401284072,1,False
PUTS_0DTE_11,2023-05-04,420.0,-4367.38720991234,1,False
PUTS_0DTE_11,2023-05-05,340.0,104.68488930002256,1,False
PUTS_0DTE_11,2023-05-08,390.0,-6018.009563163835,1,False
PUTS_0DTE_11,2023-05-09,-198.0,-5599.588979975872,1,False
PUTS_0DTE_11,2023-05-10,-3760.0,-4642.428686535058,1,False
PUTS_0DTE_11,2023-05-11,435.0,-5899.070399147062,1,False
PUTS_0DTE_11,2023-05-12,318.0,-4816.598585589475,1,False
PUTS_0DTE_11,2023-05-15,300.0,-5831.301827969593,1,False
PUTS_0DTE_11,2023-05-16,-685.0,-5682.834958743142,1,False
PUTS_0DTE_11,2023-05-17,-3700.0,-4396.987386946056,1,False
PUTS_0DTE_11,2023-05-18,405.0,-1774.657381898839,1,False
PUTS_0DTE_11,2023-05-19,-620.0,-1390.665548825165,1,False
PUTS_0DTE_11,2023-05-22,310.0,-6223.121283927626,1,False
PUTS_0DTE_11,2023-05-23,-620.0,-4485.34790141832,1,False
PUTS_0DTE_11,2023-05-24,-4820.0,-3379.2789696775176,2,False
PUTS_0DTE_11,2023-05-25,445.0,-2669.006348912691,2,False
PUTS_0DTE_11,2023-05-26,390.0,-194.8513295530005,2,False
PUTS_0DTE_11,2023-05-30,-98.0,-4470.441717646298,2,False
PUTS_0DTE_11,2023-05-31,-3725.0,-2555.455513910662,2,False
PUTS_0DTE_11,2023-06-01,325.0,-397.95684911286725,2,False
PUTS_0DTE_11,2023-06-02,325.0,-827.6975403690296,2,False
PUTS_0DTE_11,2023-06-05,-590.0,-3420.033621549835,2,False
PUTS_0DTE_11,2023-06-06,285.0,-1165.2958999420543,2,False
PUTS_0DTE_11,2023-06-07,-3355.0,-3188.840876243997,2,False
PUTS_0DTE_11,2023-06-08,300.0,-832.3582845668983,2,False
PUTS_0DTE_11,2023-06-09,-595.0,-1145.2280232647724,2,False
PUTS_0DTE_11,2023-06-12,415.0,-3131.0432476846763,2,False
PUTS_0DTE_11,2023-06-13,440.0,-1667.6006500162737,2,False
PUTS_0DTE_11,2023-06-14,1073.0,-635.3195350191621,2,False
PUTS_0DTE_11,2023-06-15,365.0,-1040.5553344164325,2,False
PUTS_0DTE_11,2023-06-16,-550.0,-3831.631488945161,2,False
PUTS_0DTE_11,2023-06-20,390.0,-2311.753060675127,2,False
PUTS_0DTE_11,2023-06-21,-3085.0,-451.5690787968906,2,False
PUTS_0DTE_11,2023-06-22,365.0,-3023.7954662070783,2,False
PUTS_0DTE_11,2023-06-23,153.0,-2218.5814583525384,2,False
PUTS_0DTE_11,2023-06-26,-655.0,-2795.5336549959447,2,False
PUTS_0DTE_11,2023-06-27,370.0,-550.8081653927443,2,False
PUTS_0DTE_11,2023-06-28,-2975.0,-1180.2868615854109,2,False
PUTS_0DTE_11,2023-06-29,385.0,-3208.5020493523202,2,False
PUTS_0DTE_11,2023-06-30,315.0,-1075.6498831383603,2,False
PUTS_0DTE_11,2023-07-03,365.0,-3448.886855020283,2,False
PUTS_0DTE_11,2023-07-05,-3345.0,-1395.757660387077,2,False
PUTS_0DTE_11,2023-07-06,370.0,-3225.753047273413,2,False
PUTS_0DTE_11,2023-07-07,-575.0,-1288.6361582071627,2,False
PUTS_0DTE_11,2023-07-10,370.0,-3264.043409616261,2,False
PUTS_0DTE_11,2023-07-11,365.0,-3376.076853004829,2,False
PUTS_0DTE_11,2023-07-12,-3140.0,-1310.8081848838956,2,False
PUTS_0DTE_11,2023-07-13,300.0,-3670.731417242714,2,False
PUTS_0DTE_11,2023-07-14,-588.0,-3838.521113718841,2,False
PUTS_0DTE_11,2023-07-17,385.0,-3108.1221583450665,2,False
PUTS_0DTE_11,2023-07-18,330.0,-725.4027053555265,2,False
PUTS_0DTE_11,2023-07-19,-3715.0,-4067.329822979641,2,False
PUTS_0DTE_11,2023-07-20,-615.0,-1775.0905363579598,2,False
PUTS_0DTE_11,2023-07-21,-481.0,-3820.4983278122695,2,False
PUTS_0DTE_11,2023-07-24,299.0,-866.7726116054213,2,False
PUTS_0DTE_11,2023-07-25,375.0,-3053.206556572407,2,False
PUTS_0DTE_11,2023-07-26,1136.0,-976.1829525782277,2,False
PUTS_0DTE_11,2023-07-27,-685.0,-3508.240541476734,2,False
PUTS_0DTE_11,2023-07-28,335.0,-1240.7177475716692,2,False
PUTS_0DTE_11,2023-07-31,305.0,-3835.7004134982303,2,False
PUTS_0DTE_11,2023-08-01,345.0,-716.529060918259,2,False
PUTS_0DTE_11,2023-08-02,-1002.0,-3300.446006808975,2,False
PUTS_0DTE_11,2023-08-03,355.0,-2289.2776623286018,2,False
PUTS_0DTE_11,2023-08-04,-635.0,-1192.4882135211737,2,False
PUTS_0DTE_11,2023-08-07,320.0,-1667.6006500162737,2,False
PUTS_0DTE_11,2023-08-08,360.0,-2495.331525542755,2,False
PUTS_0DTE_11,2023-08-09,5358.0,-4475.928763771152,2,False
PUTS_0DTE_11,2023-08-10,-640.0,-1511.737914231001,2,False
PUTS_0DTE_11,2023-08-11,355.0,-1500.0040098105967,2,False
PUTS_0DTE_11,2023-08-14,330.0,-1405.8567795810418,2,False
PUTS_0DTE_11,2023-08-15,-560.0,-3300.2729717436714,2,False
PUTS_0DTE_11,2023-08-16,-4420.0,-1632.1211898169029,2,False
PUTS_0DTE_11,2023-08-17,-640.0,-3659.868625139987,2,False
PUTS_0DTE_11,2023-08-18,370.0,-1499.8122708211429,2,False
PUTS_0DTE_11,2023-08-21,405.0,-2282.612996206345,2,False
PUTS_0DTE_11,2023-08-22,-585.0,-3831.631488945161,2,False
PUTS_0DTE_11,2023-08-23,-4155.0,-414.2517853646793,2,False
PUTS_0DTE_11,2023-08-24,-565.0,-4042.2893417021987,2,False
PUTS_0DTE_11,2023-08-25,430.0,-2926.8040076697475,2,False
PUTS_0DTE_11,2023-08-28,345.0,-3408.6206159860685,2,False
PUTS_0DTE_11,2023-08-29,380.0,-597.4083200284632,2,False
PUTS_0DTE_11,2023-08-30,454.0,-1060.548540888001,2,False
PUTS_0DTE_11,2023-08-31,-590.0,-1293.9005287491063,2,False
PUTS_0DTE_11,2023-09-01,405.0,-4422.412911186902,2,False
PUTS_0DTE_11,2023-09-05,-462.0,-1214.4206568688908,2,False
PUTS_0DTE_11,2023-09-06,-2298.0,-3475.102434784015,2,False
PUTS_0DTE_11,2023-09-07,410.0,-1578.3204440148568,2,False
PUTS_0DTE_11,2023-09-08,89.0,-1068.505159254153,2,False
PUTS_0DTE_11,2023-09-11,310.0,-2048.6517685945855,2,False
PUTS_0DTE_11,2023-09-12,55.0,-1782.0737047435034,2,False
PUTS_0DTE_11,2023-09-13,9201.0,-915.8278254590439,2,False
PUTS_0DTE_11,2023-09-14,305.0,-1550.7892261274167,2,False
PUTS_0DTE_11,2023-09-15,-603.0,-3287.49322418144,2,False
PUTS_0DTE_11,2023-09-18,228.0,-1260.2275781320368,2,False
PUTS_0DTE_11,2023-09-19,435.0,-2378.8010232888028,2,False
PUTS_0DTE_11,2023-09-20,10421.0,-4569.6791121451615,2,False
PUTS_0DTE_11,2023-09-21,-645.0,-3744.090545359435,2,False
PUTS_0DTE_11,2023-09-22,-590.0,-1757.5953999729209,3,False
PUTS_0DTE_11,2023-09-25,415.0,-288.7168942062532,3,False
PUTS_0DTE_11,2023-09-26,-600.0,-4429.919750102954,3,False
PUTS_0DTE_11,2023-09-27,-4935.0,-2464.6408972439913,3,False
PUTS_0DTE_11,2023-09-28,425.0,-444.17669357110765,3,False
PUTS_0DTE_11,2023-09-29,-610.0,-2570.550618256463,3,False
PUTS_0DTE_11,2023-10-02,425.0,-1758.1561651301258,3,False
PUTS_0DTE_11,2023-10-03,-85.0,-2115.381459581012,3,False
PUTS_0DTE_11,2023-10-04,-4930.0,-2755.8240749072056,3,False
PUTS_0DTE_11,2023-10-05,435.0,-1889.8671486626777,3,False
PUTS_0DTE_11,2023-10-06,390.0,-1669.1854331568695,3,False
PUTS_0DTE_11,2023-10-09,380.0,-1206.421877002493,3,False
PUTS_0DTE_11,2023-10-10,-311.0,-1454.1763052594445,3,False
PUTS_0DTE_11,2023-10-11,11146.0,-2499.129099415566,3,False
PUTS_0DTE_11,2023-10-12,-585.0,-2155.345010436167,3,False
PUTS_0DTE_11,2023-10-13,-620.0,-4426.130543855255,3,False
PUTS_0DTE_11,2023-10-16,-282.0,-2019.7031678007804,3,False
PUTS_0DTE_11,2023-10-17,405.0,-1843.9986418305616,3,False
PUTS_0DTE_11,2023-10-18,10828.0,-4905.150392894524,3,False
PUTS_0DTE_11,2023-10-19,-580.0,-4436.904170918045,3,False
PUTS_0DTE_11,2023-10-20,-540.0,-2262.6696797284953,3,False
PUTS_0DTE_11,2023-10-23,-391.0,-1224.5216325895942,3,False
PUTS_0DTE_11,2023-10-24,-332.0,-1102.360951895375,3,False
PUTS_0DTE_11,2023-10-25,-5460.0,-4908.148779173127,3,False
PUTS_0DTE_11,2023-10-26,-580.0,-3410.0257539055365,3,False
PUTS_0DTE_11,2023-10-27,-600.0,-3993.1060033698527,3,False
PUTS_0DTE_11,2023-10-30,395.0,-3279.997055159479,3,False
PUTS_0DTE_11,2023-10-31,420.0,-1454.78910713993,3,False
PUTS_0DTE_11,2023-11-01,-4545.0,-2086.3859743491053,3,False
PUTS_0DTE_11,2023-11-02,380.0,-1505.8306412694806,3,False
PUTS_0DTE_11,2023-11-03,335.0,-1180.0202387398535,3,False
PUTS_0DTE_11,2023-11-06,375.0,-1241.5655809446246,3,False
PUTS_0DTE_11,2023-11-07,-252.0,-314.96709999609976,3,False
PUTS_0DTE_11,2023-11-08,-3600.0,-1300.4026450784195,3,False
PUTS_0DTE_11,2023-11-09,-605.0,-2780.904631037929,3,False
PUTS_0DTE_11,2023-11-10,400.0,-803.740464546628,3,False
PUTS_0DTE_11,2023-11-13,370.0,-1105.1454291350867,3,False
PUTS_0DTE_11,2023-11-14,-25.0,-1580.6913784421695,3,False
PUTS_0DTE_11,2023-11-15,-3190.0,-1611.7302553449729,3,False
PUTS_0DTE_11,2023-11-16,335.0,-1036.85820308993,3,False
PUTS_0DTE_11,2023-11-17,330.0,-1144.5450000858236,3,False
PUTS_0DTE_11,2023-11-20,290.0,-2203.213794395279,3,False
PUTS_0DTE_11,2023-11-21,425.0,-1844.3590044821274,3,False
PUTS_0DTE_11,2023-11-22,-2840.0,-3113.9009916770624,3,False
PUTS_0DTE_11,2023-11-24,160.0,-2302.3090099621522,3,False
PUTS_0DTE_11,2023-11-27,-82.0,-2683.391556133494,3,False
PUTS_0DTE_11,2023-11-28,274.0,-2944.760374565649,3,False
PUTS_0DTE_11,2023-11-29,-3150.0,-4087.100857680111,3,False
PUTS_0DTE_11,2023-11-30,300.0,-2865.7813310157153,3,False
PUTS_0DTE_11,2023-12-01,390.0,-2315.373872487546,3,False
PUTS_0DTE_11,2023-12-04,420.0,-4006.8268809025058,3,False
PUTS_0DTE_11,2023-12-05,-457.0,-3251.4363034856397,3,False
PUTS_0DTE_11,2023-12-06,-3785.0,-3786.7199856665375,3,False
PUTS_0DTE_11,2023-12-07,325.0,-2102.386389484648,3,False
PUTS_0DTE_11,2023-12-08,310.0,-2958.625414733501,3,False
PUTS_0DTE_11,2023-12-11,345.0,-2270.3632399540206,3,False
PUTS_0DTE_11,2023-12-12,390.0,-2118.9773879249205,3,False
PUTS_0DTE_11,2023-12-13,-3205.0,-2829.2893011459455,3,False
PUTS_0DTE_11,2023-12-14,-550.0,-2404.0242137617406,3,False
PUTS_0DTE_11,2023-12-15,-176.0,-2429.3302685944245,3,False
PUTS_0DTE_11,2023-12-18,395.0,-1969.6179284304458,3,False
PUTS_0DTE_11,2023-12-19,325.0,-1870.0148876190262,3,False
PUTS_0DTE_11,2023-12-20,-3425.0,-4163.0965659989315,3,False
PUTS_0DTE_11,2023-12-21,385.0,-1910.7292456259304,3,False
PUTS_0DTE_11,2023-12-22,-177.0,-2699.3626608633826,3,False
PUTS_0DTE_11,2023-12-26,360.0,-2051.3998793285464,3,False
PUTS_0DTE_11,2023-12-27,-1079.0,-2333.7840490700505,3,False
PUTS_0DTE_11,2023-12-28,-315.0,-2776.210483239103,3,False
PUTS_0DTE_11,2023-12-29,-107.0,-2578.9307260569867,3,False
PUTS_0DTE_11,2024-01-02,370.0,-2785.7037760337043,3,False
PUTS_0DTE_11,2024-01-03,-3670.0,-3603.470046087926,3,False
PUTS_0DTE_11,2024-01-04,-655.0,-2417.426126963129,3,False
PUTS_0DTE_11,2024-01-05,-620.0,-3316.719163466308,3,False
PUTS_0DTE_11,2024-01-08,335.0,-1554.9993442814548,3,False
PUTS_0DTE_11,2024-01-09,395.0,-2112.2788517280783,3,False
PUTS_0DTE_11,2024-01-10,-3330.0,-3030.1482586931506,3,False
PUTS_0DTE_11,2024-01-11,470.0,-1447.1309034091603,3,False
PUTS_0DTE_11,2024-01-12,410.0,-4055.193437631836,3,False
PUTS_0DTE_11,2024-01-16,-600.0,-2781.646366962816,3,False
PUTS_0DTE_11,2024-01-17,-3790.0,-3041.371444660655,3,False
PUTS_0DTE_11,2024-01-18,415.0,-585.8849637404023,3,False
PUTS_0DTE_11,2024-01-19,405.0,-2548.2003205847855,3,False
PUTS_0DTE_11,2024-01-22,355.0,-2515.4589323727723,3,False
PUTS_0DTE_11,2024-01-23,410.0,-3547.523153822467,4,False
PUTS_0DTE_11,2024-01-24,-3690.0,-3397.355932098237,4,False
PUTS_0DTE_11,2024-01-25,430.0,-2640.9879993828913,4,False
PUTS_0DTE_11,2024-01-26,-640.0,-1821.1052197017902,4,False
PUTS_0DTE_11,2024-01-29,380.0,-1181.8724033687497,4,False
PUTS_0DTE_11,2024-01-30,330.0,-2298.660163833979,4,False
PUTS_0DTE_11,2024-01-31,-4035.0,-3040.330692745439,4,False
PUTS_0DTE_11,2024-02-01,385.0,-1136.1605169928816,4,False
PUTS_0DTE_11,2024-02-02,360.0,-1998.3374996389362,4,False
PUTS_0DTE_11,2024-02-05,435.0,-2063.5005873094024,4,False
PUTS_0DTE_11,2024-02-06,440.0,-3464.3461872988255,4,False
PUTS_0DTE_11,2024-02-07,-1141.0,-2335.24577583424,4,False
PUTS_0DTE_11,2024-02-08,365.0,-2220.930047165066,4,False
PUTS_0DTE_11,2024-02-09,395.0,-1226.1632414047942,4,False
PUTS_0DTE_11,2024-02-12,-640.0,-2271.3671012683008,4,False
PUTS_0DTE_11,2024-02-13,-268.0,-2332.1608618709315,4,False
PUTS_0DTE_11,2024-02-14,-3585.0,-3327.2893791703696,4,False
PUTS_0DTE_11,2024-02-15,390.0,-1055.2155172741793,4,False
PUTS_0DTE_11,2024-02-16,-600.0,-3296.9699585366493,4,False
PUTS_0DTE_11,2024-02-20,-54.0,-3194.9449776218366,4,False
PUTS_0DTE_11,2024-02-21,-4475.0,-3072.4808105879088,4,False
PUTS_0DTE_11,2024-02-22,430.0,-514.4279652548186,4,False
PUTS_0DTE_11,2024-02-23,-270.0,-2643.415920837674,4,False
PUTS_0DTE_11,2024-02-26,-610.0,-3163.610408773194,4,False
PUTS_0DTE_11,2024-02-27,340.0,-3045.905944165398,4,False
PUTS_0DTE_11,2024-02-28,-3705.0,-2784.774565966638,4,False
PUTS_0DTE_11,2024-02-29,440.0,-2896.942374213913,4,False
PUTS_0DTE_11,2024-03-01,385.0,-333.3716626545632,4,False
PUTS_0DTE_11,2024-03-04,-50.0,-664.8829564982399,4,False
PUTS_0DTE_11,2024-03-05,-570.0,-2896.1403876198815,4,False
PUTS_0DTE_11,2024-03-06,-4410.0,-3289.8811666813167,4,False
PUTS_0DTE_11,2024-03-07,370.0,-499.44788823352087,4,False
PUTS_0DTE_11,2024-03-08,-645.0,-1671.0886644135544,4,False
PUTS_0DTE_11,2024-03-11,350.0,-1672.3024198604508,4,False
PUTS_0DTE_11,2024-03-12,380.0,-1029.340449418511,4,False
PUTS_0DTE_11,2024-03-13,-4035.0,-2237.1548338430234,4,False
PUTS_0DTE_11,2024-03-14,370.0,-3018.6172344783135,4,False
PUTS_0DTE_11,2024-03-15,-620.0,-2672.5715184843025,4,False
PUTS_0DTE_11,2024-03-18,-700.0,-2631.568125205569,4,False
PUTS_0DTE_11,2024-03-19,395.0,-582.0232556807725,4,False
PUTS_0DTE_11,2024-03-20,-3655.0,-3294.7311827351377,4,False
PUTS_0DTE_11,2024-03-21,-670.0,-2600.898149408138,4,False
PUTS_0DTE_11,2024-03-22,365.0,-3315.9771454571796,4,False
PUTS_0DTE_11,2024-03-25,-361.0,-3404.854634269412,4,False
PUTS_0DTE_11,2024-03-26,-620.0,-2371.9452353317774,4,False
PUTS_0DTE_11,2024-03-27,-619.0,-3204.9378018644966,4,False
PUTS_0DTE_11,2024-03-28,315.0,-759.9763879173508,4,False
PUTS_0DTE_11,2024-04-01,302.0,-3558.2394875820214,4,False
PUTS_0DTE_11,2024-04-02,425.0,-3571.997819136734,4,False
PUTS_0DTE_11,2024-04-03,10913.0,-1282.0448968423934,4,False
PUTS_0DTE_11,2024-04-04,-670.0,-2358.824870330343,4,False
PUTS_0DTE_11,2024-04-05,410.0,-2842.514792091904,4,False
PUTS_0DTE_11,2024-04-08,-610.0,-2992.747533923513,4,False
PUTS_0DTE_11,2024-04-09,390.0,-1757.5423867712889,4,False
PUTS_0DTE_11,2024-04-10,10560.0,-2939.1433028035995,4,False
PUTS_0DTE_11,2024-04-11,415.0,-1787.9253772899367,4,False
PUTS_0DTE_11,2024-04-12,-570.0,-1091.3553365528867,4,False
PUTS_0DTE_11,2024-04-15,-620.0,-3184.497390930678,4,False
PUTS_0DTE_11,2024-04-16,405.0,-4758.485572725705,4,False
PUTS_0DTE_11,2024-04-17,-5625.0,-3187.792372348733,4,False
PUTS_0DTE_11,2024-04-18,-590.0,-2141.521311252009,4,False
PUTS_0DTE_11,2024-04-19,-600.0,-2332.293859070937,4,False
PUTS_0DTE_11,2024-04-22,390.0,-1931.796975050571,4,False
PUTS_0DTE_11,2024-04-23,420.0,-1884.6863661641867,4,False
PUTS_0DTE_11,2024-04-24,-4960.0,-3402.0200513774616,4,False
PUTS_0DTE_11,2024-04-25,430.0,-2550.6892361618343,4,False
PUTS_0DTE_11,2024-04-26,-99.0,-647.559401396786,4,False
PUTS_0DTE_11,2024-04-29,375.0,-2537.2291048316897,4,False
PUTS_0DTE_11,2024-04-30,-665.0,-2576.409499483558,4,False
PUTS_0DTE_11,2024-05-01,-4650.0,-2608.2787275738374,4,False
PUTS_0DTE_11,2024-05-02,430.0,-1411.992245576582,4,False
PUTS_0DTE_11,2024-05-03,370.0,-3713.805980258784,4,False
PUTS_0DTE_11,2024-05-06,385.0,-532.1667955677035,4,False
PUTS_0DTE_11,2024-05-07,-410.0,-2763.530329440125,4,False
PUTS_0DTE_11,2024-05-08,-4095.0,-1096.821567266888,4,False
PUTS_0DTE_11,2024-05-09,340.0,-79.45609320900856,4,False
PUTS_0DTE_11,2024-05-10,400.0,-3137.822936647238,4,False
PUTS_0DTE_11,2024-05-13,-33.0,-3158.0441930798042,4,False
PUTS_0DTE_11,2024-05-14,370.0,-834.8629407844601,4,False
PUTS_0DTE_11,2024-05-15,-3459.0,-2441.2750658050004,4,False
PUTS_0DTE_11,2024-05-16,-645.0,-1904.034398642334,4,False
PUTS_0DTE_11,2024-05-17,310.0,-2792.8111370601687,4,False
PUTS_0DTE_11,2024-05-20,-730.0,-2425.8987365726866,4,False
PUTS_0DTE_11,2024-05-21,370.0,-379.5785022379194,5,False
PUTS_0DTE_11,2024-05-22,-1495.0,-3942.5306430610253,5,False
PUTS_0DTE_11,2024-05-23,-620.0,-2485.0724305996882,5,False
PUTS_0DTE_11,2024-05-24,365.0,-1879.7727454319322,5,False
PUTS_0DTE_11,2024-05-28,-36.0,-1537.3773042125347,5,False
PUTS_0DTE_11,2024-05-29,-3895.0,-1967.4237970018426,5,False
PUTS_0DTE_11,2024-05-31,380.0,-2078.1417420630237,5,False
PUTS_0DTE_11,2024-06-03,425.0,-2708.050630229628,5,False
PUTS_0DTE_11,2024-06-04,360.0,-2681.287920103741,5,False
PUTS_0DTE_11,2024-06-05,-4525.0,-4083.174813493421,5,False
PUTS_0DTE_11,2024-06-06,310.0,-1859.568194210165,5,False
PUTS_0DTE_11,2024-06-07,-620.0,-2425.4660773874316,5,False
PUTS_0DTE_11,2024-06-10,370.0,-238.03229081567227,5,False
PUTS_0DTE_11,2024-06-11,410.0,-1486.6315837408254,5,False
PUTS_0DTE_11,2024-06-12,-3250.0,-2800.7765968583003,5,False
PUTS_0DTE_11,2024-06-13,360.0,-2413.4655118784735,5,False
PUTS_0DTE_11,2024-06-14,410.0,-2267.028451178012,5,False
PUTS_0DTE_11,2024-06-17,365.0,357.6709498019894,5,True
PUTS_0DTE_11,2024-06-18,370.0,-868.7385457268267,5,False
PUTS_0DTE_11,2024-06-20,-675.0,-1302.1795503213796,5,False
PUTS_0DTE_11,2024-06-21,-158.0,-2547.759507053879,5,False
PUTS_0DTE_11,2024-06-24,-660.0,-3228.5857079262237,5,False
PUTS_0DTE_11,2024-06-25,410.0,-1158.1505154226315,5,False
PUTS_0DTE_11,2024-06-26,-3695.0,-1642.035568149141,5,False
PUTS_0DTE_11,2024-06-27,345.0,-2526.1428530742783,5,False
PUTS_0DTE_11,2024-06-28,-650.0,-720.7138520733815,5,False
PUTS_0DTE_11,2024-07-01,410.0,-2547.979807557775,5,False
PUTS_0DTE_11,2024-07-02,390.0,-955.0872035249887,5,False
PUTS_0DTE_11,2024-07-03,335.0,-308.4358318909786,5,False
PUTS_0DTE_11,2024-07-05,370.0,-304.0795933413118,5,False
PUTS_0DTE_11,2024-07-08,295.0,-804.8079626409573,5,False
PUTS_0DTE_11,2024-07-09,-412.0,-733.686865597457,5,False
PUTS_0DTE_11,2024-07-10,2754.0,-4183.337866518125,5,False
PUTS_0DTE_11,2024-07-11,-585.0,-1365.867725422415,5,False
PUTS_0DTE_11,2024-07-12,-645.0,-2133.2720201524994,5,False
PUTS_0DTE_11,2024-07-15,-635.0,-2339.1354052859106,5,False
PUTS_0DTE_11,2024-07-16,350.0,-530.0649654072427,5,False
PUTS_0DTE_11,2024-07-17,9831.0,-3668.193357101497,5,False
PUTS_0DTE_11,2024-07-18,-630.0,-4088.944890154708,5,False
PUTS_0DTE_11,2024-07-19,-575.0,-3860.0908015632544,5,False
PUTS_0DTE_11,2024-07-22,390.0,-25.00008907764206,5,False
PUTS_0DTE_11,2024-07-23,-571.0,-615.3635231975616,5,False
PUTS_0DTE_11,2024-07-24,20197.0,-1678.2083404660866,5,False
PUTS_0DTE_11,2024-07-25,-550.0,-399.93771779055885,5,False
PUTS_0DTE_11,2024-07-26,415.0,102.76983571642758,5,False
PUTS_0DTE_11,2024-07-29,415.0,-4710.258418179636,5,False
PUTS_0DTE_11,2024-07-30,-590.0,-4572.057529255693,5,False
PUTS_0DTE_11,2024-07-31,14926.0,-3748.884835986211,5,False
PUTS_0DTE_11,2024-08-01,-570.0,-2518.4112612285494,5,False
PUTS_0DTE_11,2024-08-02,460.0,-3887.714725421994,5,False
PUTS_0DTE_11,2024-08-05,450.0,-4800.674322869225,5,False
PUTS_0DTE_11,2024-08-06,-550.0,-3538.066043963896,5,False
PUTS_0DTE_11,2024-08-07,-8795.0,-2418.864164221835,5,False
PUTS_0DTE_11,2024-08-08,365.0,-93.6792549567701,5,False
PUTS_0DTE_11,2024-08-09,410.0,240.00986956155907,5,False
PUTS_0DTE_11,2024-08-12,-635.0,-1113.000340412212,5,False
PUTS_0DTE_11,2024-08-13,395.0,-848.9992489032263,5,False
PUTS_0DTE_11,2024-08-14,-5255.0,-2626.5158114760034,5,False
PUTS_0DTE_11,2024-08-15,320.0,-1913.3781765577055,5,False
PUTS_0DTE_11,2024-08-16,410.0,-797.318437673719,5,False
PUTS_0DTE_11,2024-08-19,315.0,-1881.1866567447257,5,False
PUTS_0DTE_11,2024-08-20,360.0,-2000.5863305317255,5,False
PUTS_0DTE_11,2024-08-21,3857.0,-2262.702618513375,5,False
PUTS_0DTE_11,2024-08-22,-625.0,-4697.0853502496375,5,False
PUTS_0DTE_11,2024-08-23,375.0,-273.6035561660923,5,False
PUTS_0DTE_11,2024-08-26,-386.0,-4255.342446572424,5,False
PUTS_0DTE_11,2024-08-27,345.0,-1186.5754260305953,5,False
PUTS_0DTE_11,2024-08-28,6705.0,-4217.838022186336,5,False
PUTS_0DTE_11,2024-08-29,-640.0,-1717.592512429226,5,False
PUTS_0DTE_11,2024-08-30,405.0,-1459.7062219764332,5,False
PUTS_0DTE_11,2024-09-03,-595.0,-1246.1777619188022,5,False
PUTS_0DTE_11,2024-09-04,-6555.0,-549.6305581212123,5,False
PUTS_0DTE_11,2024-09-05,-279.0,-2781.8642187081878,5,False
PUTS_0DTE_11,2024-09-06,-560.0,-1115.6212586754361,5,False
PUTS_0DTE_11,2024-09-09,375.0,-2342.538750512119,5,False
PUTS_0DTE_11,2024-09-10,360.0,-4329.773913786287,5,False
PUTS_0DTE_11,2024-09-11,-6125.0,-4022.26950627021,5,False
PUTS_0DTE_11,2024-09-12,430.0,-439.2595562677931,5,False
PUTS_0DTE_11,2024-09-13,385.0,-2468.3795092365453,5,False
PUTS_0DTE_11,2024-09-16,350.0,-736.9023108320423,5,False
PUTS_0DTE_11,2024-09-17,-650.0,-1718.5758033658403,5,False
PUTS_0DTE_11,2024-09-18,-5300.0,-3741.6671481387084,5,False
PUTS_0DTE_11,2024-09-19,390.0,-147.78242606974695,5,False
PUTS_0DTE_11,2024-09-20,375.0,-3895.1101627390017,6,False
PUTS_0DTE_11,2024-09-23,187.0,-2094.461206182338,6,False
PUTS_0DTE_11,2024-09-24,385.0,-2478.5299799494774,6,False
PUTS_0DTE_11,2024-09-25,-1324.0,-3625.460561301212,6,False
PUTS_0DTE_11,2024-09-26,375.0,-3203.6211892055353,6,False
PUTS_0DTE_11,2024-09-27,-650.0,-2172.613186941371,6,False
PUTS_0DTE_11,2024-09-30,335.0,-1228.5324029679653,6,False
PUTS_0DTE_11,2024-10-01,465.0,-1677.6191193772347,6,False
PUTS_0DTE_11,2024-10-02,-5810.0,-1603.897287478181,6,False
PUTS_0DTE_11,2024-10-03,425.0,-3366.9908700497244,6,False
PUTS_0DTE_11,2024-10-04,390.0,-1897.1120241200347,6,False
PUTS_0DTE_11,2024-10-07,-605.0,-2399.6093566793543,6,False
PUTS_0DTE_11,2024-10-08,385.0,574.5752050220102,6,True
PUTS_0DTE_11,2024-10-09,-5240.0,-1770.7548516452714,6,False
PUTS_0DTE_11,2024-10-10,405.0,-3223.314848725463,6,False
PUTS_0DTE_11,2024-10-11,360.0,-857.4752799411983,6,False
PUTS_0DTE_11,2024-10-14,375.0,129.29665033849213,6,False
PUTS_0DTE_11,2024-10-15,-610.0,-1637.0954322870703,6,False
PUTS_0DTE_11,2024-10-16,-1467.0,-4765.513632183342,6,False
PUTS_0DTE_11,2024-10-17,-483.0,-3369.8402764833536,6,False
PUTS_0DTE_11,2024-10-18,405.0,-1594.9553790410566,6,False
PUTS_0DTE_11,2024-10-21,370.0,-1913.3979893177266,6,False
PUTS_0DTE_11,2024-10-22,385.0,-2163.451823305573,6,False
PUTS_0DTE_11,2024-10-23,3081.0,-5031.922403453831,6,False
PUTS_0DTE_11,2024-10-24,350.0,-2230.384084484357,6,False
PUTS_0DTE_11,2024-10-25,-640.0,-2535.176121346157,6,False
PUTS_0DTE_11,2024-10-28,-695.0,-3323.7382331271133,6,False
PUTS_0DTE_11,2024-10-29,300.0,498.65255119036556,6,True
PUTS_0DTE_11,2024-10-30,-7945.0,-2506.3156576956903,6,False
PUTS_0DTE_11,2024-10-31,-545.0,-1637.0964680560685,6,False
PUTS_0DTE_11,2024-11-01,-660.0,-1748.49382178561,6,False
PUTS_0DTE_11,2024-11-04,-610.0,-1752.5588786112426,6,False
PUTS_0DTE_11,2024-11-05,325.0,-782.1641310262323,6,False
PUTS_0DTE_11,2024-11-06,-697.0,-2664.5304419144213,6,False
PUTS_0DTE_11,2024-11-07,395.0,218.78624493555463,6,False
PUTS_0DTE_11,2024-11-08,375.0,365.37890697345307,6,False
PUTS_0DTE_11,2024-11-11,-605.0,-1162.4233950914231,6,False
PUTS_0DTE_11,2024-11-12,-241.0,-2455.272457018141,6,False
PUTS_0DTE_11,2024-11-13,-3172.0,-2671.7697994675586,6,False
PUTS_0DTE_11,2024-11-14,-575.0,-1876.0325437583133,6,False
PUTS_0DTE_11,2024-11-15,-498.0,-1112.7810669540627,6,False
PUTS_0DTE_11,2024-11-18,217.0,-392.6732950099733,6,False
PUTS_0DTE_11,2024-11-19,360.0,-2418.0127690907325,6,False
PUTS_0DTE_11,2024-11-20,-5285.0,-355.5547668278937,6,False
PUTS_0DTE_11,2024-11-21,420.0,-43.172477425121805,6,False
PUTS_0DTE_11,2024-11-22,299.0,-3165.4912068647004,6,False
PUTS_0DTE_11,2024-11-25,72.0,-2232.1880237453665,6,False
PUTS_0DTE_11,2024-11-26,390.0,-1273.661618383893,6,False
PUTS_0DTE_11,2024-11-27,-3900.0,-3629.6497342963426,6,False
PUTS_0DTE_11,2024-11-29,310.0,-871.8370701468277,6,False
PUTS_0DTE_11,2024-12-02,400.0,-562.938513198353,6,False
PUTS_0DTE_11,2024-12-03,345.0,-873.5180115579294,6,False
PUTS_0DTE_11,2024-12-04,-2158.0,-2228.0707712465146,6,False
PUTS_0DTE_11,2024-12-05,-144.0,-526.177834418777,6,False
PUTS_0DTE_11,2024-12-06,-198.0,-1207.721866390501,6,False
PUTS_0DTE_11,2024-12-09,-430.0,-2746.5667975020256,6,False
PUTS_0DTE_11,2024-12-10,-645.0,-1108.2352329915495,6,False
PUTS_0DTE_11,2024-12-11,8568.0,-3026.694428208683,6,False
PUTS_0DTE_11,2024-12-12,-715.0,-2618.168524994921,6,False
PUTS_0DTE_11,2024-12-13,305.0,-2231.247758700579,6,False
PUTS_0DTE_11,2024-12-16,253.0,-471.8794265115272,6,False
PUTS_0DTE_11,2024-12-17,325.0,-2411.286350597744,6,False
PUTS_0DTE_11,2024-12-18,496.0,-4032.015305036626,6,False
PUTS_0DTE_11,2024-12-19,-585.0,-3072.3139918757056,6,False
PUTS_0DTE_11,2024-12-20,445.0,-1377.0081181290861,6,False
PUTS_0DTE_11,2024-12-23,390.0,-1104.8104403805496,6,False
PUTS_0DTE_11,2024-12-24,400.0,-1817.150605879475,6,False
PUTS_0DTE_11,2024-12-26,410.0,-2892.121316846057,6,False
PUTS_0DTE_11,2024-12-27,430.0,-894.0963619020074,6,False
PUTS_0DTE_11,2024-12-30,450.0,-423.8385645179331,6,False
PUTS_0DTE_11,2024-12-31,-560.0,-591.6901499969913,6,False
PUTS_0DTE_11,2025-01-02,-570.0,-307.58586005050773,6,False
PUTS_0DTE_11,2025-01-03,390.0,-685.6462870046768,6,False
PUTS_0DTE_11,2025-01-06,-685.0,-1837.0345619530417,6,False
PUTS_0DTE_11,2025-01-07,-620.0,-500.3759865225088,6,False
PUTS_0DTE_11,2025-01-08,-6060.0,-1329.855305493637,6,False
PUTS_0DTE_11,2025-01-10,-331.0,-1333.450247152724,6,False
PUTS_0DTE_11,2025-01-13,425.0,-362.0807786310413,6,False
PUTS_0DTE_11,2025-01-14,430.0,-3618.6385704814393,6,False
PUTS_0DTE_11,2025-01-15,-4895.0,-1382.856324023129,6,False
PUTS_0DTE_11,2025-01-16,-610.0,-2610.6480949404568,6,False
PUTS_0DTE_11,2025-01-17,-439.0,-1625.0447803729764,6,False
PUTS_0DTE_11,2025-01-21,370.0,-791.087934701171,6,False
PUTS_0DTE_11,2025-01-22,6068.0,-2755.7460647261105,7,False
PUTS_0DTE_11,2025-01-23,340.0,-548.3701750710773,7,False
PUTS_0DTE_11,2025-01-24,-595.0,-1478.628317207572,7,False
PUTS_0DTE_11,2025-01-27,400.0,-3586.5356281466143,7,False
PUTS_0DTE_11,2025-01-28,360.0,-1524.2804202995965,7,False
PUTS_0DTE_11,2025-01-29,-6055.0,-3125.884341017493,7,False
PUTS_0DTE_11,2025-01-30,415.0,-757.6471767172262,7,False
PUTS_0DTE_11,2025-01-31,-655.0,-1774.657957286999,7,False
PUTS_0DTE_11,2025-02-03,-103.0,-2691.2050604151955,7,False
PUTS_0DTE_11,2025-02-04,405.0,-1492.002288481634,7,False
PUTS_0DTE_11,2025-02-05,-5605.0,-4992.608480585232,7,False
PUTS_0DTE_11,2025-02-06,360.0,-2174.3501665190006,7,False
PUTS_0DTE_11,2025-02-07,-575.0,-1310.0041495296207,7,False
PUTS_0DTE_11,2025-02-10,300.0,-990.6223178285125,7,False
PUTS_0DTE_11,2025-02-11,325.0,-1859.673680065053,7,False
PUTS_0DTE_11,2025-02-12,2950.0,-3838.863637540795,7,False
PUTS_0DTE_11,2025-02-13,355.0,-958.2154343017764,7,False
PUTS_0DTE_11,2025-02-14,-212.0,-1890.7526745987238,7,False
PUTS_0DTE_11,2025-02-18,330.0,-1943.1368586361314,7,False
PUTS_0DTE_11,2025-02-19,25588.0,-2918.610688187909,7,False
PUTS_0DTE_11,2025-02-20,360.0,-1994.0528702189206,7,False
PUTS_0DTE_11,2025-02-21,-625.0,-1069.5999502129544,7,False
PUTS_0DTE_11,2025-02-24,-290.0,-3365.281689082927,7,False
PUTS_0DTE_11,2025-02-25,400.0,-3251.602910421126,7,False
PUTS_0DTE_11,2025-02-26,26804.0,-6091.934417432411,7,False
PUTS_0DTE_11,2025-02-27,-575.0,-682.9844610144091,7,False
PUTS_0DTE_11,2025-02-28,400.0,178.13335337810187,7,False
PUTS_0DTE_11,2025-03-03,-600.0,-1312.3117067263543,7,False
PUTS_0DTE_11,2025-03-04,440.0,-1371.2064734246833,7,False
PUTS_0DTE_11,2025-03-05,10548.0,-4298.960160785605,7,False
PUTS_0DTE_11,2025-03-06,-545.0,-2501.88594433252,7,False
PUTS_0DTE_11,2025-03-07,475.0,-1478.9044745961796,7,False
PUTS_0DTE_11,2025-03-10,-490.0,-5243.6596211345595,7,False
PUTS_0DTE_11,2025-03-11,460.0,-4937.077397452898,7,False
PUTS_0DTE_11,2025-03-12,-9310.0,-2738.413592343824,7,False
PUTS_0DTE_11,2025-03-13,-525.0,-1777.7777299179954,7,False
PUTS_0DTE_11,2025-03-14,400.0,-256.26427717674835,7,False
PUTS_0DTE_11,2025-03-17,395.0,782.2719186923612,7,True
PUTS_0DTE_11,2025-03-18,421.0,-723.3049643991671,7,False
PUTS_0DTE_11,2025-03-19,3245.0,-3750.566593620057,7,False
PUTS_0DTE_11,2025-03-20,-605.0,-3194.6245119575065,7,False
PUTS_0DTE_11,2025-03-21,425.0,-3209.595558026953,7,False
PUTS_0DTE_11,2025-03-24,355.0,-1815.5943350668263,7,False
PUTS_0DTE_11,2025-03-25,-420.0,-2985.477765779508,7,False
PUTS_0DTE_11,2025-03-26,57025.0,-3457.399030654665,7,False
PUTS_0DTE_11,2025-03-27,-625.0,-3420.491317097261,7,False
PUTS_0DTE_11,2025-03-28,-560.0,-1904.332482710813,7,False
PUTS_0DTE_11,2025-03-31,430.0,-253.51622144920233,7,False
PUTS_0DTE_11,2025-04-01,440.0,-3462.9089777839163,7,False
PUTS_0DTE_11,2025-04-02,16153.0,-224.37737039761603,7,False
PUTS_0DTE_11,2025-04-03,-535.0,-5214.097596056239,7,False
PUTS_0DTE_11,2025-04-04,-530.0,-5201.137241880884,7,False
PUTS_0DTE_11,2025-04-07,-520.0,-527.0694730214366,7,False
PUTS_0DTE_11,2025-04-08,-560.0,-4361.190241994146,7,False
PUTS_0DTE_11,2025-04-09,12855.0,-4554.887526951025,7,False
PUTS_0DTE_11,2025-04-10,-540.0,-5201.137241880884,7,False
PUTS_0DTE_11,2025-04-11,445.0,-3326.523064031266,7,False
PUTS_0DTE_11,2025-04-14,-565.0,-6241.636355715595,7,False
PUTS_0DTE_11,2025-04-15,-585.0,-5679.106281444113,7,False
PUTS_0DTE_11,2025-04-16,-11610.0,-7145.885142140163,7,False
PUTS_0DTE_11,2025-04-17,405.0,-5164.101440607697,7,False
PUTS_0DTE_11,2025-04-21,-200.0,-5201.137241880884,7,False
PUTS_0DTE_11,2025-04-22,410.0,-561.9733502301921,7,False
PUTS_0DTE_11,2025-04-23,-10685.0,-7234.646088090288,7,False
PUTS_0DTE_11,2025-04-24,390.0,-540.0852929990932,7,False
PUTS_0DTE_11,2025-04-25,400.0,-3866.7197935454915,7,False
PUTS_0DTE_11,2025-04-28,430.0,-4094.1437336383137,7,False
PUTS_0DTE_11,2025-04-29,425.0,-142.3150310640678,7,False
PUTS_0DTE_11,2025-04-30,-8950.0,-5144.985353437066,7,False
PUTS_0DTE_11,2025-05-01,-615.0,-2276.6367692937993,7,False
PUTS_0DTE_11,2025-05-02,380.0,-865.9313005776723,7,False
PUTS_0DTE_11,2025-05-05,-630.0,-3316.8815665144316,7,False
PUTS_0DTE_11,2025-05-06,-590.0,-1780.3260227469648,7,False
PUTS_0DTE_11,2025-05-07,-8300.0,-5437.552527048451,7,False
PUTS_0DTE_11,2025-05-08,410.0,-626.2501679989147,7,False
PUTS_0DTE_11,2025-05-09,401.0,-4323.321767251948,7,False
PUTS_0DTE_11,2025-05-12,400.0,-80.85373843328769,7,False
PUTS_0DTE_11,2025-05-13,370.0,-2342.9921386007804,7,False
PUTS_0DTE_11,2025-05-14,-6275.0,-4482.360263201624,7,False
PUTS_0DTE_11,2025-05-15,370.0,-858.876710767565,7,False
PUTS_0DTE_11,2025-05-16,420.0,249.06818899458878,7,False
PUTS_0DTE_11,2025-05-19,410.0,-2074.5212106619238,7,False
PUTS_0DTE_11,2025-05-20,-9.0,-2723.7223450059596,7,False
PUTS_0DTE_11,2025-05-21,-6970.0,-5692.812914398297,8,False
PUTS_0DTE_11,2025-05-22,395.0,469.52716550836396,8,True
PUTS_0DTE_11,2025-05-23,450.0,652.2734012300389,8,True
PUTS_0DTE_11,2025-05-27,340.0,-1708.7990446119732,8,False
PUTS_0DTE_11,2025-05-28,-6640.0,-4649.113275456531,8,False
PUTS_0DTE_11,2025-05-29,-363.0,-3993.9406969190472,8,False
PUTS_0DTE_11,2025-05-30,430.0,-2381.6204972541254,8,False
PUTS_0DTE_11,2025-06-02,390.0,-1917.354168472641,8,False
PUTS_0DTE_11,2025-06-03,390.0,-592.9623024982507,8,False
PUTS_0DTE_11,2025-06-04,-6135.0,-3651.3291005674805,8,False
PUTS_0DTE_11,2025-06-05,-560.0,-1598.583969286216,8,False
PUTS_0DTE_11,2025-06-06,-49.0,-1174.88896841012,8,False
PUTS_0DTE_11,2025-06-09,410.0,-352.85655472135187,8,False
PUTS_0DTE_11,2025-06-10,390.0,163.95858488772836,8,False
PUTS_0DTE_11,2025-06-11,-5765.0,-4064.681566493703,8,False
PUTS_0DTE_11,2025-06-12,350.0,-1618.1811876866589,8,False
PUTS_0DTE_11,2025-06-13,-600.0,-1599.406133136806,8,False
PUTS_0DTE_11,2025-06-16,-685.0,-1541.6184669366019,8,False
PUTS_0DTE_11,2025-06-17,-665.0,-581.0202803419907,8,False
PUTS_0DTE_11,2025-06-18,-6720.0,-4847.200992990752,8,False
PUTS_0DTE_11,2025-06-20,224.0,-952.3766026262384,8,False
PUTS_0DTE_11,2025-06-23,390.0,346.7825890965811,8,False
PUTS_0DTE_11,2025-06-24,375.0,246.16887294510215,8,False
PUTS_0DTE_11,2025-06-25,-5235.0,-4405.298812806851,8,False
PUTS_0DTE_11,2025-06-26,375.0,-251.03165179607103,8,False
PUTS_0DTE_11,2025-06-27,222.0,-2022.3839847944278,8,False
PUTS_0DTE_11,2025-06-30,405.0,-2448.700834107051,8,False
PUTS_0DTE_11,2025-07-01,315.0,-1233.4106140045526,8,False
PUTS_0DTE_11,2025-07-02,-5070.0,-4250.865237794869,8,False
PUTS_0DTE_11,2025-07-03,295.0,90.49164370637361,8,False
PUTS_0DTE_11,2025-07-07,-615.0,-2642.615739004006,8,False
PUTS_0DTE_11,2025-07-08,350.0,-2632.2444702738953,8,False
PUTS_0DTE_11,2025-07-09,-5000.0,-3659.0390780329926,8,False
PUTS_0DTE_11,2025-07-10,360.0,-305.7835097907495,8,False
PUTS_0DTE_11,2025-07-11,360.0,-1928.8461317348956,8,False
PUTS_0DTE_11,2025-07-14,335.0,42.99140083972089,8,False
PUTS_0DTE_11,2025-07-15,-615.0,-1726.667077569047,8,False
PUTS_0DTE_11,2025-07-16,-5295.0,-4225.375029480159,8,False
PUTS_0DTE_11,2025-07-17,380.0,-389.58756986006375,8,False
PUTS_0DTE_11,2025-07-18,425.0,-4033.614495575755,8,False
PUTS_0DTE_11,2025-07-21,-705.0,-2054.8701105274376,8,False
PUTS_0DTE_11,2025-07-22,360.0,-1687.1093544328103,8,False
PUTS_0DTE_11,2025-07-23,-2359.0,-3666.266891691036,8,False
PUTS_0DTE_11,2025-07-24,-670.0,-2075.683073333676,8,False
PUTS_0DTE_11,2025-07-25,370.0,-611.2443343825953,8,False
PUTS_0DTE_11,2025-07-28,-158.0,-1326.816635542138,8,False
PUTS_0DTE_11,2025-07-29,-705.0,-2422.2260602853107,8,False
PUTS_0DTE_11,2025-07-30,-5630.0,-3610.2562183083055,8,False
PUTS_0DTE_11,2025-07-31,-620.0,-3188.6784431106253,8,False
PUTS_0DTE_11,2025-08-01,256.0,-529.6639531195357,8,False
PUTS_0DTE_11,2025-08-04,325.0,-869.7356499178137,8,False
PUTS_0DTE_11,2025-08-05,309.0,-2990.3357281953213,8,False
PUTS_0DTE_11,2025-08-06,-5495.0,-3362.4785549850667,8,False
PUTS_0DTE_11,2025-08-07,-135.0,-1457.9223846736056,8,False
PUTS_0DTE_11,2025-08-08,310.0,-1452.2604701577652,8,False
PUTS_0DTE_11,2025-08-11,-665.0,-2946.852065467355,8,False
PUTS_0DTE_11,2025-08-12,320.0,-1278.7419686939372,8,False
PUTS_0DTE_11,2025-08-13,-1887.0,-2470.673096570697,8,False
PUTS_0DTE_11,2025-08-14,345.0,-2426.932554033091,8,False
PUTS_0DTE_11,2025-08-15,310.0,-3011.3378259388583,8,False
PUTS_0DTE_11,2025-08-18,300.0,-2752.6108354836238,8,False
PUTS_0DTE_11,2025-08-19,-590.0,-2281.442785073388,8,False
PUTS_0DTE_11,2025-08-20,-5680.0,-3024.834015855562,8,False
PUTS_0DTE_11,2025-08-21,-630.0,-2779.7514005311855,8,False
PUTS_0DTE_11,2025-08-22,21.0,-1950.5819961826805,8,False
PUTS_0DTE_11,2025-08-25,-625.0,-3043.1448118596345,8,False
PUTS_0DTE_11,2025-08-26,310.0,-136.21164104970384,8,False
PUTS_0DTE_11,2025-08-27,-4880.0,-1262.3504024146735,8,False
PUTS_0DTE_11,2025-08-28,410.0,-641.4113042911746,8,False
PUTS_0DTE_11,2025-08-29,375.0,-2254.681330312779,8,False
PUTS_0DTE_11,2025-09-02,440.0,-2715.535335311591,8,False
PUTS_0DTE_11,2025-09-03,-5705.0,-4290.123902357015,8,False
PUTS_0DTE_11,2025-09-04,280.0,-1519.9463671737267,8,False
PUTS_0DTE_11,2025-09-05,430.0,-2397.552474961405,8,False
PUTS_0DTE_11,2025-09-08,-620.0,-891.197215076781,8,False
PUTS_0DTE_11,2025-09-09,380.0,-2225.947255945259,8,False
PUTS_0DTE_11,2025-09-10,-5155.0,-3770.9666399934617,8,False
PUTS_0DTE_11,2025-09-11,275.0,-1451.4602679415673,8,False
PUTS_0DTE_11,2025-09-12,-640.0,-1719.5134450836795,8,False
PUTS_0DTE_11,2025-09-15,-117.0,-432.14912065048605,8,False
PUTS_0DTE_11,2025-09-16,310.0,-2622.8935955985694,8,False
PUTS_0DTE_11,2025-09-17,415.0,-2581.2484504398453,8,False
PUTS_0DTE_11,2025-09-18,46.0,-1497.7884048162884,8,False
PUTS_1DTE_1515,2023-01-25,440.0,-579.9371085415639,1,False
PUTS_1DTE_1515,2023-01-26,440.0,-578.5662283460756,1,False
PUTS_1DTE_1515,2023-01-27,-540.0,-577.5505902984835,1,False
PUTS_1DTE_1515,2023-01-30,460.0,-579.6576892036995,1,False
PUTS_1DTE_1515,2023-01-31,470.0,-571.5117236168376,1,False
PUTS_1DTE_1515,2023-02-01,440.0,-578.0545262812566,1,False
PUTS_1DTE_1515,2023-02-02,-525.0,-575.1026283356974,1,False
PUTS_1DTE_1515,2023-02-03,-570.0,-572.6393903984633,1,False
PUTS_1DTE_1515,2023-02-06,440.0,-578.6782570801093,1,False
PUTS_1DTE_1515,2023-02-07,-560.0,-577.5505902984835,1,False
PUTS_1DTE_1515,2023-02-08,-545.0,-580.1354355783351,1,False
PUTS_1DTE_1515,2023-02-09,430.0,-579.0417244868927,1,False
PUTS_1DTE_1515,2023-02-10,455.0,-579.4733151796778,1,False
PUTS_1DTE_1515,2023-02-13,455.0,-571.5117236168376,1,False
PUTS_1DTE_1515,2023-02-14,450.0,-579.4043924394432,1,False
PUTS_1DTE_1515,2023-02-15,-550.0,-579.4331725587908,1,False
PUTS_1DTE_1515,2023-02-16,-560.0,-578.7183997009963,1,False
PUTS_1DTE_1515,2023-02-17,-590.0,-579.1821930628824,1,False
PUTS_1DTE_1515,2023-02-21,-465.0,-560.1421903588994,1,False
PUTS_1DTE_1515,2023-02-22,450.0,-554.676469461778,1,False
PUTS_1DTE_1515,2023-02-23,-570.0,-577.4255772346876,1,False
PUTS_1DTE_1515,2023-02-24,430.0,-577.8031199345065,1,False
PUTS_1DTE_1515,2023-02-27,-545.0,-578.1024349841895,1,False
PUTS_1DTE_1515,2023-02-28,-570.0,-573.7164721657612,1,False
PUTS_1DTE_1515,2023-03-01,430.0,-577.9383742355255,1,False
PUTS_1DTE_1515,2023-03-02,440.0,-579.4733151796778,1,False
PUTS_1DTE_1515,2023-03-03,440.0,-575.3899208874869,1,False
PUTS_1DTE_1515,2023-03-06,-540.0,-571.0441006899457,1,False
PUTS_1DTE_1515,2023-03-07,460.0,-575.1998402721244,1,False
PUTS_1DTE_1515,2023-03-08,-570.0,-573.7164721657612,1,False
PUTS_1DTE_1515,2023-03-09,-530.0,-557.1804513817868,1,False
PUTS_1DTE_1515,2023-03-10,-560.0,-557.7149663588809,1,False
PUTS_1DTE_1515,2023-03-13,455.0,-552.00060399642,1,False
PUTS_1DTE_1515,2023-03-14,450.0,-557.6186879294102,1,False
PUTS_1DTE_1515,2023-03-15,425.0,-556.9326564623985,1,False
PUTS_1DTE_1515,2023-03-16,-565.0,-561.6704574079616,1,False
PUTS_1DTE_1515,2023-03-17,425.0,-552.3077497220391,1,False
PUTS_1DTE_1515,2023-03-20,410.0,-552.9499717016869,1,False
PUTS_1DTE_1515,2023-03-21,-550.0,-577.2817440977778,1,False
PUTS_1DTE_1515,2023-03-22,-565.0,-573.7566147866481,1,False
PUTS_1DTE_1515,2023-03-23,405.0,-558.7593390407982,1,False
PUTS_1DTE_1515,2023-03-24,435.0,-567.331235744484,1,False
PUTS_1DTE_1515,2023-03-27,-600.0,-577.8824207278535,1,False
PUTS_1DTE_1515,2023-03-28,430.0,-573.7164721657612,1,False
PUTS_1DTE_1515,2023-03-29,370.0,-578.0622923633025,1,False
PUTS_1DTE_1515,2023-03-30,370.0,-578.0622923633025,1,False
PUTS_1DTE_1515,2023-03-31,415.0,-571.5117236168376,1,False
PUTS_1DTE_1515,2023-04-03,-580.0,-577.5505902984835,1,False
PUTS_1DTE_1515,2023-04-04,-67.0,-575.1998402721244,1,False
PUTS_1DTE_1515,2023-04-05,430.0,-577.2996108025751,1,False
PUTS_1DTE_1515,2023-04-06,420.0,-579.4069829506533,1,False
PUTS_1DTE_1515,2023-04-10,385.0,-579.4331725587908,1,False
PUTS_1DTE_1515,2023-04-11,-530.0,-574.4687971332326,1,False
PUTS_1DTE_1515,2023-04-12,415.0,-579.3657888342168,1,False
PUTS_1DTE_1515,2023-04-13,-351.0,-571.7990161686271,1,False
PUTS_1DTE_1515,2023-04-14,415.0,-577.9383742355255,1,False
PUTS_1DTE_1515,2023-04-17,440.0,-573.7164721657612,1,False
PUTS_1DTE_1515,2023-04-18,352.0,-578.3863567106266,1,False
PUTS_1DTE_1515,2023-04-19,-600.0,-579.4733151796778,1,False
PUTS_1DTE_1515,2023-04-20,395.0,-578.7183997009963,1,False
PUTS_1DTE_1515,2023-04-21,415.0,-573.7164721657612,1,False
PUTS_1DTE_1515,2023-04-24,-645.0,-573.7164721657612,1,False
PUTS_1DTE_1515,2023-04-25,-540.0,-580.1354355783351,1,False
PUTS_1DTE_1515,2023-04-26,420.0,-579.0417244868927,1,False
PUTS_1DTE_1515,2023-04-27,405.0,-575.3899208874869,1,False
PUTS_1DTE_1515,2023-04-28,415.0,-571.7990161686271,1,False
PUTS_1DTE_1515,2023-05-01,-615.0,-571.0441006899457,1,False
PUTS_1DTE_1515,2023-05-02,-570.0,-575.1998402721244,1,False
PUTS_1DTE_1515,2023-05-03,-590.0,-573.7164721657612,1,False
PUTS_1DTE_1515,2023-05-04,410.0,-580.1354355783351,1,False
PUTS_1DTE_1515,2023-05-05,182.0,-575.1026283356974,1,False
PUTS_1DTE_1515,2023-05-08,-575.0,-573.7164721657612,1,False
PUTS_1DTE_1515,2023-05-09,415.0,-578.6782570801093,1,False
PUTS_1DTE_1515,2023-05-10,112.0,-578.5662283460756,1,False
PUTS_1DTE_1515,2023-05-11,-202.0,-573.7164721657612,1,False
PUTS_1DTE_1515,2023-05-12,370.0,-575.1998402721244,1,False
PUTS_1DTE_1515,2023-05-15,-600.0,-573.7164721657612,1,False
PUTS_1DTE_1515,2023-05-16,400.0,-578.6520674719718,1,False
PUTS_1DTE_1515,2023-05-17,420.0,-577.8850112390636,1,False
PUTS_1DTE_1515,2023-05-18,400.0,-571.5117236168376,1,False
PUTS_1DTE_1515,2023-05-19,193.0,-573.7566147866481,1,False
PUTS_1DTE_1515,2023-05-22,-610.0,-574.4687971332326,1,False
PUTS_1DTE_1515,2023-05-23,-590.0,-573.1211065990923,2,False
PUTS_1DTE_1515,2023-05-24,405.0,-577.7885907397197,2,False
PUTS_1DTE_1515,2023-05-25,450.0,-559.7377646517332,2,False
PUTS_1DTE_1515,2023-05-26,-73.0,-563.9767855764213,2,False
PUTS_1DTE_1515,2023-05-30,-570.0,-589.1162773042121,2,False
PUTS_1DTE_1515,2023-05-31,415.0,-586.2366300602109,2,False
PUTS_1DTE_1515,2023-06-01,405.0,-584.9127350874339,2,False
PUTS_1DTE_1515,2023-06-02,-560.0,-577.0419969027361,2,False
PUTS_1DTE_1515,2023-06-05,380.0,-598.1838834150403,2,False
PUTS_1DTE_1515,2023-06-06,-625.0,-613.080564821703,2,False
PUTS_1DTE_1515,2023-06-07,390.0,-596.7647552084679,2,False
PUTS_1DTE_1515,2023-06-08,445.0,-594.750628936544,2,False
PUTS_1DTE_1515,2023-06-09,435.0,-592.5536794645802,2,False
PUTS_1DTE_1515,2023-06-12,435.0,-588.4931832594494,2,False
PUTS_1DTE_1515,2023-06-13,435.0,-592.8539151656796,2,False
PUTS_1DTE_1515,2023-06-14,455.0,-609.7116937824625,2,False
PUTS_1DTE_1515,2023-06-15,-570.0,-593.6696227207989,2,False
PUTS_1DTE_1515,2023-06-16,-605.0,-585.6545526771738,2,False
PUTS_1DTE_1515,2023-06-20,-600.0,-599.5976449809949,2,False
PUTS_1DTE_1515,2023-06-21,410.0,-599.3851050310375,2,False
PUTS_1DTE_1515,2023-06-22,-555.0,-604.125688364416,2,False
PUTS_1DTE_1515,2023-06-23,-590.0,-604.985337877319,2,False
PUTS_1DTE_1515,2023-06-26,415.0,-606.0154589903684,2,False
PUTS_1DTE_1515,2023-06-27,71.0,-584.8414436886092,2,False
PUTS_1DTE_1515,2023-06-28,390.0,-615.2089222225528,2,False
PUTS_1DTE_1515,2023-06-29,390.0,-608.4261633448431,2,False
PUTS_1DTE_1515,2023-06-30,375.0,-577.1180123604049,2,False
PUTS_1DTE_1515,2023-07-05,-580.0,-612.7248381986104,2,False
PUTS_1DTE_1515,2023-07-06,-600.0,-596.8517218463842,2,False
PUTS_1DTE_1515,2023-07-07,-585.0,-604.5816512573108,2,False
PUTS_1DTE_1515,2023-07-10,420.0,-613.9788151779117,2,False
PUTS_1DTE_1515,2023-07-11,435.0,-605.3879674305769,2,False
PUTS_1DTE_1515,2023-07-12,430.0,-597.2965438359132,2,False
PUTS_1DTE_1515,2023-07-13,-68.0,-587.2466624288592,2,False
PUTS_1DTE_1515,2023-07-14,380.0,-600.411104966093,2,False
PUTS_1DTE_1515,2023-07-17,390.0,-601.7919133611265,2,False
PUTS_1DTE_1515,2023-07-18,400.0,-587.9263360926781,2,False
PUTS_1DTE_1515,2023-07-19,-545.0,-610.827652759731,2,False
PUTS_1DTE_1515,2023-07-20,405.0,-598.7392183683817,2,False
PUTS_1DTE_1515,2023-07-21,440.0,-589.9814752397964,2,False
PUTS_1DTE_1515,2023-07-24,425.0,-604.8242105053387,2,False
PUTS_1DTE_1515,2023-07-25,-380.0,-596.9834810982522,2,False
PUTS_1DTE_1515,2023-07-26,-535.0,-599.046149063935,2,False
PUTS_1DTE_1515,2023-07-27,400.0,-585.7603210714433,2,False
PUTS_1DTE_1515,2023-07-28,420.0,-592.1496429705484,2,False
PUTS_1DTE_1515,2023-07-31,98.0,-600.4791631181914,2,False
PUTS_1DTE_1515,2023-08-01,-625.0,-611.7029608026696,2,False
PUTS_1DTE_1515,2023-08-02,-590.0,-594.8319419242066,2,False
PUTS_1DTE_1515,2023-08-03,-590.0,-614.4342556415055,2,False
PUTS_1DTE_1515,2023-08-04,390.0,-591.0515355325721,2,False
PUTS_1DTE_1515,2023-08-07,-625.0,-587.4766870928978,2,False
PUTS_1DTE_1515,2023-08-08,-600.0,-586.8814301323563,2,False
PUTS_1DTE_1515,2023-08-09,-560.0,-592.4620180821214,2,False
PUTS_1DTE_1515,2023-08-10,-600.0,-591.2985534072347,2,False
PUTS_1DTE_1515,2023-08-11,420.0,-607.1608546734118,2,False
PUTS_1DTE_1515,2023-08-14,-575.0,-601.7057633446755,2,False
PUTS_1DTE_1515,2023-08-15,-540.0,-590.640289761185,2,False
PUTS_1DTE_1515,2023-08-16,-590.0,-603.8244404908875,2,False
PUTS_1DTE_1515,2023-08-17,396.0,-586.4716519972532,2,False
PUTS_1DTE_1515,2023-08-18,440.0,-596.1925100546769,2,False
PUTS_1DTE_1515,2023-08-21,-600.0,-582.7267328050411,2,False
PUTS_1DTE_1515,2023-08-22,420.0,-589.333728317595,2,False
PUTS_1DTE_1515,2023-08-23,-570.0,-584.1980738887806,2,False
PUTS_1DTE_1515,2023-08-24,425.0,-581.3944595807627,2,False
PUTS_1DTE_1515,2023-08-25,405.0,-587.7583051388473,2,False
PUTS_1DTE_1515,2023-08-28,400.0,-599.0220101574056,2,False
PUTS_1DTE_1515,2023-08-29,450.0,-584.9985397935708,2,False
PUTS_1DTE_1515,2023-08-30,-575.0,-599.565314327675,2,False
PUTS_1DTE_1515,2023-08-31,37.0,-603.0273402070925,2,False
PUTS_1DTE_1515,2023-09-01,-610.0,-589.1162773042121,2,False
PUTS_1DTE_1515,2023-09-05,-565.0,-598.4238782382813,2,False
PUTS_1DTE_1515,2023-09-06,-570.0,-590.7864080071846,2,False
PUTS_1DTE_1515,2023-09-07,380.0,-607.5589234622796,2,False
PUTS_1DTE_1515,2023-09-08,440.0,-603.596136017,2,False
PUTS_1DTE_1515,2023-09-11,-620.0,-599.2892771834265,2,False
PUTS_1DTE_1515,2023-09-12,405.0,-598.5634851623736,2,False
PUTS_1DTE_1515,2023-09-13,390.0,-599.1728628370722,2,False
PUTS_1DTE_1515,2023-09-14,-620.0,-587.2404093006024,2,False
PUTS_1DTE_1515,2023-09-15,283.0,-591.228251538424,2,False
PUTS_1DTE_1515,2023-09-18,-580.0,-615.4447511197842,2,False
PUTS_1DTE_1515,2023-09-19,-540.0,-597.0207440899406,2,False
PUTS_1DTE_1515,2023-09-20,-570.0,-601.3185834388354,2,False
PUTS_1DTE_1515,2023-09-21,-570.0,-594.809892205718,3,False
PUTS_1DTE_1515,2023-09-22,-336.0,-600.3941823403369,3,False
PUTS_1DTE_1515,2023-09-25,-615.0,-583.7276735743503,3,False
PUTS_1DTE_1515,2023-09-26,386.0,-576.7473784208747,3,False
PUTS_1DTE_1515,2023-09-27,435.0,-578.7566098761357,3,False
PUTS_1DTE_1515,2023-09-28,-590.0,-537.9303645331332,3,False
PUTS_1DTE_1515,2023-09-29,-216.0,-593.7956223622474,3,False
PUTS_1DTE_1515,2023-10-02,-585.0,-573.5660543100751,3,False
PUTS_1DTE_1515,2023-10-03,415.0,-576.7210646592672,3,False
PUTS_1DTE_1515,2023-10-04,410.0,-563.9624760384102,3,False
PUTS_1DTE_1515,2023-10-05,455.0,-587.2298779324866,3,False
PUTS_1DTE_1515,2023-10-06,410.0,-546.6894236454914,3,False
PUTS_1DTE_1515,2023-10-09,410.0,-565.375846704831,3,False
PUTS_1DTE_1515,2023-10-10,420.0,-580.5541735967981,3,False
PUTS_1DTE_1515,2023-10-11,-560.0,-593.1981712128405,3,False
PUTS_1DTE_1515,2023-10-12,-580.0,-583.3288622043863,3,False
PUTS_1DTE_1515,2023-10-13,425.0,-574.403778805211,3,False
PUTS_1DTE_1515,2023-10-16,-245.0,-569.5591673954267,3,False
PUTS_1DTE_1515,2023-10-17,-580.0,-551.1400921667354,3,False
PUTS_1DTE_1515,2023-10-18,-560.0,-574.8742050536715,3,False
PUTS_1DTE_1515,2023-10-19,-575.0,-571.2144821156264,3,False
PUTS_1DTE_1515,2023-10-20,-565.0,-561.6492199885998,3,False
PUTS_1DTE_1515,2023-10-23,430.0,-548.9840524591368,3,False
PUTS_1DTE_1515,2023-10-24,-550.0,-569.8771752844608,3,False
PUTS_1DTE_1515,2023-10-25,-565.0,-575.3117064836983,3,False
PUTS_1DTE_1515,2023-10-26,-545.0,-581.3355807616479,3,False
PUTS_1DTE_1515,2023-10-27,440.0,-567.3492247587218,3,False
PUTS_1DTE_1515,2023-10-30,450.0,-566.279813801198,3,False
PUTS_1DTE_1515,2023-10-31,455.0,-568.1638206188243,3,False
PUTS_1DTE_1515,2023-11-01,430.0,-572.1920620375694,3,False
PUTS_1DTE_1515,2023-11-02,410.0,-593.4058983388366,3,False
PUTS_1DTE_1515,2023-11-03,-17.0,-589.3503066084885,3,False
PUTS_1DTE_1515,2023-11-06,385.0,-589.0515340484187,3,False
PUTS_1DTE_1515,2023-11-07,395.0,-586.6709379100066,3,False
PUTS_1DTE_1515,2023-11-08,-585.0,-579.852654142125,3,False
PUTS_1DTE_1515,2023-11-09,395.0,-580.6028955821389,3,False
PUTS_1DTE_1515,2023-11-10,440.0,-594.8830462669695,3,False
PUTS_1DTE_1515,2023-11-13,430.0,-606.5138618067059,3,False
PUTS_1DTE_1515,2023-11-14,-262.0,-601.5547844767584,3,False
PUTS_1DTE_1515,2023-11-15,234.0,-605.2194514458195,3,False
PUTS_1DTE_1515,2023-11-16,375.0,-614.1925682171824,3,False
PUTS_1DTE_1515,2023-11-17,410.0,-614.1131512370545,3,False
PUTS_1DTE_1515,2023-11-20,-575.0,-570.9142608147713,3,False
PUTS_1DTE_1515,2023-11-21,415.0,-594.3840393454936,3,False
PUTS_1DTE_1515,2023-11-22,335.0,-620.0609928556892,3,False
PUTS_1DTE_1515,2023-11-27,370.0,-587.9048779622785,3,False
PUTS_1DTE_1515,2023-11-28,390.0,-611.466122490725,3,False
PUTS_1DTE_1515,2023-11-29,390.0,-603.0558947624451,3,False
PUTS_1DTE_1515,2023-11-30,430.0,-589.2568325502001,3,False
PUTS_1DTE_1515,2023-12-01,-605.0,-581.4815322631662,3,False
PUTS_1DTE_1515,2023-12-04,400.0,-595.545832092216,3,False
PUTS_1DTE_1515,2023-12-05,-585.0,-583.2390846009022,3,False
PUTS_1DTE_1515,2023-12-06,435.0,-603.0048462981921,3,False
PUTS_1DTE_1515,2023-12-07,440.0,-618.9253957405538,3,False
PUTS_1DTE_1515,2023-12-08,405.0,-570.9706535730744,3,False
PUTS_1DTE_1515,2023-12-11,445.0,-576.6165100037247,3,False
PUTS_1DTE_1515,2023-12-12,410.0,-590.6443896082045,3,False
PUTS_1DTE_1515,2023-12-13,460.0,-569.1586124190828,3,False
PUTS_1DTE_1515,2023-12-14,425.0,-602.0378362269254,3,False
PUTS_1DTE_1515,2023-12-15,395.0,-585.1488643314709,3,False
PUTS_1DTE_1515,2023-12-18,395.0,-576.5518145105412,3,False
PUTS_1DTE_1515,2023-12-19,-620.0,-572.5774565512548,3,False
PUTS_1DTE_1515,2023-12-20,420.0,-582.2807387027771,3,False
PUTS_1DTE_1515,2023-12-21,450.0,-622.3372896898057,3,False
PUTS_1DTE_1515,2023-12-22,440.0,-594.5492216352657,3,False
PUTS_1DTE_1515,2023-12-26,430.0,-585.5424872852332,3,False
PUTS_1DTE_1515,2023-12-27,410.0,-612.8852044716358,3,False
PUTS_1DTE_1515,2023-12-28,-565.0,-577.427176267919,3,False
PUTS_1DTE_1515,2023-12-29,-550.0,-580.9400413466135,3,False
PUTS_1DTE_1515,2024-01-02,-585.0,-587.3520849507246,3,False
PUTS_1DTE_1515,2024-01-03,-580.0,-587.575529650255,3,False
PUTS_1DTE_1515,2024-01-04,-321.0,-607.7901007096011,3,False
PUTS_1DTE_1515,2024-01-05,440.0,-578.7511231912224,3,False
PUTS_1DTE_1515,2024-01-08,390.0,-561.0027447155776,3,False
PUTS_1DTE_1515,2024-01-09,440.0,-605.1950956966951,3,False
PUTS_1DTE_1515,2024-01-10,-516.0,-579.9261187945293,3,False
PUTS_1DTE_1515,2024-01-11,450.0,-589.3727735495859,3,False
PUTS_1DTE_1515,2024-01-12,-575.0,-602.6645124717128,3,False
PUTS_1DTE_1515,2024-01-16,-560.0,-582.086606360312,3,False
PUTS_1DTE_1515,2024-01-17,410.0,-594.013341549978,3,False
PUTS_1DTE_1515,2024-01-18,405.0,-614.0394211048645,3,False
PUTS_1DTE_1515,2024-01-19,435.0,-598.023100210696,3,False
PUTS_1DTE_1515,2024-01-22,430.0,-567.335998299978,4,False
PUTS_1DTE_1515,2024-01-23,410.0,-616.5947706742678,4,False
PUTS_1DTE_1515,2024-01-24,405.0,-590.894908404803,4,False
PUTS_1DTE_1515,2024-01-25,410.0,-568.2335198110918,4,False
PUTS_1DTE_1515,2024-01-26,415.0,-577.9532899323867,4,False
PUTS_1DTE_1515,2024-01-29,385.0,-582.90249501929,4,False
PUTS_1DTE_1515,2024-01-30,-560.0,-583.6379878186583,4,False
PUTS_1DTE_1515,2024-01-31,440.0,-594.1453607195461,4,False
PUTS_1DTE_1515,2024-02-01,435.0,-565.9442295836913,4,False
PUTS_1DTE_1515,2024-02-02,-600.0,-539.106520231594,4,False
PUTS_1DTE_1515,2024-02-05,445.0,-587.6585388693878,4,False
PUTS_1DTE_1515,2024-02-06,425.0,-578.1172519939331,4,False
PUTS_1DTE_1515,2024-02-07,241.0,-611.5978243852354,4,False
PUTS_1DTE_1515,2024-02-08,380.0,-586.0263279951754,4,False
PUTS_1DTE_1515,2024-02-09,89.0,-606.6616911971402,4,False
PUTS_1DTE_1515,2024-02-12,-540.0,-538.140212155301,4,False
PUTS_1DTE_1515,2024-02-13,440.0,-591.2780114683786,4,False
PUTS_1DTE_1515,2024-02-14,390.0,-628.3181845764533,4,False
PUTS_1DTE_1515,2024-02-15,-560.0,-575.1078934564662,4,False
PUTS_1DTE_1515,2024-02-16,-565.0,-576.2887570801357,4,False
PUTS_1DTE_1515,2024-02-20,420.0,-594.8410207567018,4,False
PUTS_1DTE_1515,2024-02-21,480.0,-587.0603676729978,4,False
PUTS_1DTE_1515,2024-02-22,430.0,-544.4152620168412,4,False
PUTS_1DTE_1515,2024-02-23,-560.0,-592.7257518178635,4,False
PUTS_1DTE_1515,2024-02-26,208.0,-579.786496873707,4,False
PUTS_1DTE_1515,2024-02-27,-114.0,-579.1221485553692,4,False
PUTS_1DTE_1515,2024-02-28,390.0,-545.9660308684302,4,False
PUTS_1DTE_1515,2024-02-29,410.0,-595.3781945621432,4,False
PUTS_1DTE_1515,2024-03-01,10.0,-563.5336219493015,4,False
PUTS_1DTE_1515,2024-03-04,-590.0,-583.4540923612301,4,False
PUTS_1DTE_1515,2024-03-05,445.0,-595.9642188105327,4,False
PUTS_1DTE_1515,2024-03-06,410.0,-592.5088703305898,4,False
PUTS_1DTE_1515,2024-03-07,-550.0,-593.1479802576831,4,False
PUTS_1DTE_1515,2024-03-08,-610.0,-568.3113029761806,4,False
PUTS_1DTE_1515,2024-03-11,460.0,-612.586088456875,4,False
PUTS_1DTE_1515,2024-03-12,-559.0,-577.2156036040667,4,False
PUTS_1DTE_1515,2024-03-13,-600.0,-584.3918063637007,4,False
PUTS_1DTE_1515,2024-03-14,-590.0,-583.7845469758073,4,False
PUTS_1DTE_1515,2024-03-15,455.0,-581.9983700118632,4,False
PUTS_1DTE_1515,2024-03-18,420.0,-621.417294554691,4,False
PUTS_1DTE_1515,2024-03-19,440.0,-578.561588250791,4,False
PUTS_1DTE_1515,2024-03-20,430.0,-571.9704175606163,4,False
PUTS_1DTE_1515,2024-03-21,-605.0,-588.054994233419,4,False
PUTS_1DTE_1515,2024-03-22,-605.0,-596.0067106419403,4,False
PUTS_1DTE_1515,2024-03-25,-615.0,-584.2108861338564,4,False
PUTS_1DTE_1515,2024-03-26,395.0,-568.4625222409572,4,False
PUTS_1DTE_1515,2024-03-27,380.0,-605.8520224385356,4,False
PUTS_1DTE_1515,2024-03-28,-610.0,-598.9738869278739,4,False
PUTS_1DTE_1515,2024-04-01,-600.0,-581.7618669624321,4,False
PUTS_1DTE_1515,2024-04-02,430.0,-595.8302014316482,4,False
PUTS_1DTE_1515,2024-04-03,-615.0,-601.5556733944261,4,False
PUTS_1DTE_1515,2024-04-04,440.0,-588.1895198571609,4,False
PUTS_1DTE_1515,2024-04-05,390.0,-567.0551334217769,4,False
PUTS_1DTE_1515,2024-04-08,376.0,-570.5519226589249,4,False
PUTS_1DTE_1515,2024-04-09,-550.0,-592.8770882485496,4,False
PUTS_1DTE_1515,2024-04-10,425.0,-595.9515554349189,4,False
PUTS_1DTE_1515,2024-04-11,-580.0,-554.982013819144,4,False
PUTS_1DTE_1515,2024-04-12,-565.0,-571.2527504139501,4,False
PUTS_1DTE_1515,2024-04-15,-535.0,-569.1043801429237,4,False
PUTS_1DTE_1515,2024-04-16,-545.0,-575.8618710360842,4,False
PUTS_1DTE_1515,2024-04-17,-540.0,-570.7319247552289,4,False
PUTS_1DTE_1515,2024-04-18,-530.0,-577.2852345451774,4,False
PUTS_1DTE_1515,2024-04-19,450.0,-578.1315321061884,4,False
PUTS_1DTE_1515,2024-04-22,395.0,-554.8123201423599,4,False
PUTS_1DTE_1515,2024-04-23,410.0,-576.4454758423384,4,False
PUTS_1DTE_1515,2024-04-24,-575.0,-594.6363572904054,4,False
PUTS_1DTE_1515,2024-04-25,435.0,-595.336106828409,4,False
PUTS_1DTE_1515,2024-04-26,425.0,-581.3946193080392,4,False
PUTS_1DTE_1515,2024-04-29,-590.0,-597.0444854383999,4,False
PUTS_1DTE_1515,2024-04-30,-540.0,-587.5648981401334,4,False
PUTS_1DTE_1515,2024-05-01,-575.0,-578.3050615527384,4,False
PUTS_1DTE_1515,2024-05-02,475.0,-602.3980861949358,4,False
PUTS_1DTE_1515,2024-05-03,400.0,-606.610881188709,4,False
PUTS_1DTE_1515,2024-05-06,375.0,-583.3901387991577,4,False
PUTS_1DTE_1515,2024-05-07,370.0,-539.6260758711103,4,False
PUTS_1DTE_1515,2024-05-08,380.0,-604.2319886198987,4,False
PUTS_1DTE_1515,2024-05-09,365.0,-611.1060931069093,4,False
PUTS_1DTE_1515,2024-05-10,365.0,-602.8553258386431,4,False
PUTS_1DTE_1515,2024-05-13,405.0,-583.327169655449,4,False
PUTS_1DTE_1515,2024-05-14,435.0,-582.9555819174822,4,False
PUTS_1DTE_1515,2024-05-15,90.0,-579.8690257762845,4,False
PUTS_1DTE_1515,2024-05-16,-288.0,-571.6368091977308,4,False
PUTS_1DTE_1515,2024-05-17,390.0,-585.1802870788184,5,False
PUTS_1DTE_1515,2024-05-20,400.0,-612.9936832550918,5,False
PUTS_1DTE_1515,2024-05-21,-600.0,-616.1544619569322,5,False
PUTS_1DTE_1515,2024-05-22,-520.0,-594.5383873670864,5,False
PUTS_1DTE_1515,2024-05-23,410.0,-596.951730360939,5,False
PUTS_1DTE_1515,2024-05-24,415.0,-616.3033627594267,5,False
PUTS_1DTE_1515,2024-05-28,-590.0,-598.3499171217125,5,False
PUTS_1DTE_1515,2024-05-29,-590.0,-591.2838754117673,5,False
PUTS_1DTE_1515,2024-05-30,435.0,-595.2126921163336,5,False
PUTS_1DTE_1515,2024-05-31,460.0,-603.6693223763034,5,False
PUTS_1DTE_1515,2024-06-03,435.0,-590.3940814224209,5,False
PUTS_1DTE_1515,2024-06-04,415.0,-604.6082485388596,5,False
PUTS_1DTE_1515,2024-06-05,390.0,-589.8184325383202,5,False
PUTS_1DTE_1515,2024-06-06,129.0,-592.7818712265552,5,False
PUTS_1DTE_1515,2024-06-07,400.0,-615.97083478093,5,False
PUTS_1DTE_1515,2024-06-10,395.0,-603.7160866151676,5,False
PUTS_1DTE_1515,2024-06-11,480.0,-608.6148805015617,5,False
PUTS_1DTE_1515,2024-06-12,-216.0,-606.81764852784,5,False
PUTS_1DTE_1515,2024-06-13,385.0,-600.6184889234146,5,False
PUTS_1DTE_1515,2024-06-14,390.0,-596.9218847335168,5,False
PUTS_1DTE_1515,2024-06-17,380.0,-591.9793825900634,5,False
PUTS_1DTE_1515,2024-06-18,-550.0,-592.5159908955349,5,False
PUTS_1DTE_1515,2024-06-20,-590.0,-585.5295645888036,5,False
PUTS_1DTE_1515,2024-06-21,-550.0,-593.5035932637029,5,False
PUTS_1DTE_1515,2024-06-24,400.0,-511.66051299347316,5,False
PUTS_1DTE_1515,2024-06-25,390.0,-602.317507250503,5,False
PUTS_1DTE_1515,2024-06-26,415.0,-602.8076735879685,5,False
PUTS_1DTE_1515,2024-06-27,-560.0,-612.725154958387,5,False
PUTS_1DTE_1515,2024-06-28,480.0,-603.7702911251049,5,False
PUTS_1DTE_1515,2024-07-01,445.0,-595.6020730359229,5,False
PUTS_1DTE_1515,2024-07-02,370.0,-611.5547310460596,5,False
PUTS_1DTE_1515,2024-07-05,380.0,-586.2951027178427,5,False
PUTS_1DTE_1515,2024-07-08,410.0,-585.152877688449,5,False
PUTS_1DTE_1515,2024-07-09,430.0,-587.4754216370875,5,False
PUTS_1DTE_1515,2024-07-10,-550.0,-584.8272545946055,5,False
PUTS_1DTE_1515,2024-07-11,410.0,-603.7449377228462,5,False
PUTS_1DTE_1515,2024-07-12,-560.0,-604.4137804874736,5,False
PUTS_1DTE_1515,2024-07-15,390.0,-621.1709840045589,5,False
PUTS_1DTE_1515,2024-07-16,-560.0,-605.4117858738321,5,False
PUTS_1DTE_1515,2024-07-17,-555.0,-585.7371210446779,5,False
PUTS_1DTE_1515,2024-07-18,-590.0,-578.3291638282328,5,False
PUTS_1DTE_1515,2024-07-19,440.0,-583.5623615391166,5,False
PUTS_1DTE_1515,2024-07-22,-526.0,-582.0054358651975,5,False
PUTS_1DTE_1515,2024-07-23,-555.0,-583.2341642513306,5,False
PUTS_1DTE_1515,2024-07-24,-550.0,-578.2582400572193,5,False
PUTS_1DTE_1515,2024-07-25,435.0,-575.4803769324379,5,False
PUTS_1DTE_1515,2024-07-26,435.0,-592.9693435200486,5,False
PUTS_1DTE_1515,2024-07-29,-590.0,-588.7950347787294,5,False
PUTS_1DTE_1515,2024-07-30,460.0,-585.4905112091792,5,False
PUTS_1DTE_1515,2024-07-31,-555.0,-572.1323768080655,5,False
PUTS_1DTE_1515,2024-08-01,-515.0,-566.0013866649293,5,False
PUTS_1DTE_1515,2024-08-02,-520.0,-557.5106594674488,5,False
PUTS_1DTE_1515,2024-08-05,440.0,-554.9283585170173,5,False
PUTS_1DTE_1515,2024-08-06,-570.0,-550.247202840782,5,False
PUTS_1DTE_1515,2024-08-07,460.0,-562.70023110425,5,False
PUTS_1DTE_1515,2024-08-08,415.0,-550.247202840782,5,False
PUTS_1DTE_1515,2024-08-09,369.0,-576.4325132041364,5,False
PUTS_1DTE_1515,2024-08-12,400.0,-562.2676427546378,5,False
PUTS_1DTE_1515,2024-08-13,410.0,-551.2362024039903,5,False
PUTS_1DTE_1515,2024-08-14,425.0,-598.493676501685,5,False
PUTS_1DTE_1515,2024-08-15,370.0,-566.390300011316,5,False
PUTS_1DTE_1515,2024-08-16,425.0,-578.4942664875873,5,False
PUTS_1DTE_1515,2024-08-19,370.0,-563.8598403965985,5,False
PUTS_1DTE_1515,2024-08-20,390.0,-589.3191265798367,5,False
PUTS_1DTE_1515,2024-08-21,-570.0,-615.0073969896409,5,False
PUTS_1DTE_1515,2024-08-22,450.0,-581.805338291046,5,False
PUTS_1DTE_1515,2024-08-23,-570.0,-581.8381253934474,5,False
PUTS_1DTE_1515,2024-08-26,430.0,-585.4254043671159,5,False
PUTS_1DTE_1515,2024-08-27,-600.0,-589.6327156797554,5,False
PUTS_1DTE_1515,2024-08-28,460.0,-582.9950965608708,5,False
PUTS_1DTE_1515,2024-08-29,410.0,-597.3049416650094,5,False
PUTS_1DTE_1515,2024-08-30,-540.0,-593.4122199849759,5,False
PUTS_1DTE_1515,2024-09-03,-515.0,-576.8282874489778,5,False
PUTS_1DTE_1515,2024-09-04,261.0,-562.8008052499501,5,False
PUTS_1DTE_1515,2024-09-05,-540.0,-577.4996231410433,5,False
PUTS_1DTE_1515,2024-09-06,475.0,-563.8244443353674,5,False
PUTS_1DTE_1515,2024-09-09,400.0,-579.946019979162,5,False
PUTS_1DTE_1515,2024-09-10,445.0,-569.0768072797526,5,False
PUTS_1DTE_1515,2024-09-11,415.0,-571.1720880483198,5,False
PUTS_1DTE_1515,2024-09-12,420.0,-579.9841621812428,5,False
PUTS_1DTE_1515,2024-09-13,410.0,-600.4083841512208,5,False
PUTS_1DTE_1515,2024-09-16,440.0,-619.4319873161303,5,False
PUTS_1DTE_1515,2024-09-17,-560.0,-574.084892361573,6,False
PUTS_1DTE_1515,2024-09-18,445.0,-578.1363272923563,6,False
PUTS_1DTE_1515,2024-09-19,-610.0,-591.6331594668368,6,False
PUTS_1DTE_1515,2024-09-20,420.0,-577.6477920599953,6,False
PUTS_1DTE_1515,2024-09-23,415.0,-582.8989581033405,6,False
PUTS_1DTE_1515,2024-09-24,-389.0,-584.836677347837,6,False
PUTS_1DTE_1515,2024-09-25,380.0,-586.4186240181248,6,False
PUTS_1DTE_1515,2024-09-26,-318.0,-591.0016070183655,6,False
PUTS_1DTE_1515,2024-09-27,400.0,-585.0107969956716,6,False
PUTS_1DTE_1515,2024-09-30,-600.0,-592.4733420544032,6,False
PUTS_1DTE_1515,2024-10-01,-595.0,-563.8302634560847,6,False
PUTS_1DTE_1515,2024-10-02,-575.0,-573.0535331156898,6,False
PUTS_1DTE_1515,2024-10-03,425.0,-573.0224374322611,6,False
PUTS_1DTE_1515,2024-10-04,-600.0,-564.91715255839,6,False
PUTS_1DTE_1515,2024-10-07,395.0,-559.2254245780775,6,False
PUTS_1DTE_1515,2024-10-08,380.0,-559.8727609415639,6,False
PUTS_1DTE_1515,2024-10-09,420.0,-560.9597712578064,6,False
PUTS_1DTE_1515,2024-10-10,370.0,-559.7647020387085,6,False
PUTS_1DTE_1515,2024-10-11,370.0,-571.1435942211311,6,False
PUTS_1DTE_1515,2024-10-14,-585.0,-554.8504845947256,6,False
PUTS_1DTE_1515,2024-10-15,410.0,-577.018599772714,6,False
PUTS_1DTE_1515,2024-10-16,62.0,-562.8699002802889,6,False
PUTS_1DTE_1515,2024-10-17,370.0,-560.4415962895589,6,False
PUTS_1DTE_1515,2024-10-18,-555.0,-581.8752613450911,6,False
PUTS_1DTE_1515,2024-10-21,400.0,-563.6688565108356,6,False
PUTS_1DTE_1515,2024-10-22,-585.0,-567.6153705557177,6,False
PUTS_1DTE_1515,2024-10-23,440.0,-563.8981023582882,6,False
PUTS_1DTE_1515,2024-10-24,172.0,-563.6721310341522,6,False
PUTS_1DTE_1515,2024-10-25,375.0,-569.8016802429764,6,False
PUTS_1DTE_1515,2024-10-28,360.0,-563.2371690640628,6,False
PUTS_1DTE_1515,2024-10-29,-580.0,-564.5580251062538,6,False
PUTS_1DTE_1515,2024-10-30,-590.0,-573.0652471255321,6,False
PUTS_1DTE_1515,2024-10-31,315.0,-558.5419076748283,6,False
PUTS_1DTE_1515,2024-11-01,-580.0,-557.7483903202789,6,False
PUTS_1DTE_1515,2024-11-04,415.0,-564.98595317517,6,False
PUTS_1DTE_1515,2024-11-05,435.0,-570.1761394638155,6,False
PUTS_1DTE_1515,2024-11-06,425.0,-559.825640093586,6,False
PUTS_1DTE_1515,2024-11-07,390.0,-572.8497323020948,6,False
PUTS_1DTE_1515,2024-11-08,60.0,-566.4416404105567,6,False
PUTS_1DTE_1515,2024-11-11,-635.0,-584.210664162766,6,False
PUTS_1DTE_1515,2024-11-12,-547.0,-585.5060532546152,6,False
PUTS_1DTE_1515,2024-11-13,-580.0,-598.0380641431861,6,False
PUTS_1DTE_1515,2024-11-14,-595.0,-597.1108702604521,6,False
PUTS_1DTE_1515,2024-11-15,465.0,-585.5499513838893,6,False
PUTS_1DTE_1515,2024-11-18,390.0,-584.7647117578828,6,False
PUTS_1DTE_1515,2024-11-19,390.0,-587.9980201206191,6,False
PUTS_1DTE_1515,2024-11-20,465.0,-572.7910693293962,6,False
PUTS_1DTE_1515,2024-11-21,375.0,-595.2535987610698,6,False
PUTS_1DTE_1515,2024-11-22,435.0,-614.6105913531552,6,False
PUTS_1DTE_1515,2024-11-25,390.0,-586.3981672596486,6,False
PUTS_1DTE_1515,2024-11-26,-635.0,-589.4790243643484,6,False
PUTS_1DTE_1515,2024-11-27,400.0,-585.7080961094881,6,False
PUTS_1DTE_1515,2024-12-02,368.0,-529.5300627399533,6,False
PUTS_1DTE_1515,2024-12-03,370.0,-584.3058164128661,6,False
PUTS_1DTE_1515,2024-12-04,-589.0,-565.854152836662,6,False
PUTS_1DTE_1515,2024-12-05,380.0,-587.198763540499,6,False
PUTS_1DTE_1515,2024-12-06,-540.0,-494.2025956596227,6,False
PUTS_1DTE_1515,2024-12-09,-620.0,-584.9698623599737,6,False
PUTS_1DTE_1515,2024-12-10,420.0,-590.2318501934523,6,False
PUTS_1DTE_1515,2024-12-11,-610.0,-456.9433965250691,6,False
PUTS_1DTE_1515,2024-12-12,-51.0,-595.8895992315614,6,False
PUTS_1DTE_1515,2024-12-13,445.0,-590.2935296743581,6,False
PUTS_1DTE_1515,2024-12-16,-625.0,-594.2777791817255,6,False
PUTS_1DTE_1515,2024-12-17,-580.0,-584.9385011855906,6,False
PUTS_1DTE_1515,2024-12-18,-550.0,-577.0020444140397,6,False
PUTS_1DTE_1515,2024-12-19,420.0,-562.2945825104156,6,False
PUTS_1DTE_1515,2024-12-20,405.0,-563.2881216837262,6,False
PUTS_1DTE_1515,2024-12-23,365.0,-572.4464302626582,6,False
PUTS_1DTE_1515,2024-12-26,-610.0,-601.7625970261588,6,False
PUTS_1DTE_1515,2024-12-27,-540.0,-589.4070228300927,6,False
PUTS_1DTE_1515,2024-12-30,-540.0,-607.9687084052409,6,False
PUTS_1DTE_1515,2024-12-31,-545.0,-572.403369789806,6,False
PUTS_1DTE_1515,2025-01-02,420.0,-578.4438059091851,6,False
PUTS_1DTE_1515,2025-01-03,440.0,-567.4293328426972,6,False
PUTS_1DTE_1515,2025-01-06,-560.0,-575.2821926317606,6,False
PUTS_1DTE_1515,2025-01-07,425.0,-566.5669149967822,6,False
PUTS_1DTE_1515,2025-01-10,450.0,-571.1408453657458,6,False
PUTS_1DTE_1515,2025-01-13,440.0,-560.8350636746637,6,False
PUTS_1DTE_1515,2025-01-14,455.0,-561.2421744858138,6,False
PUTS_1DTE_1515,2025-01-15,-570.0,-556.6147625256812,6,False
PUTS_1DTE_1515,2025-01-16,425.0,-586.4628851513497,6,False
PUTS_1DTE_1515,2025-01-17,420.0,-599.8108350019046,6,False
PUTS_1DTE_1515,2025-01-21,415.0,-580.0595112106754,7,False
PUTS_1DTE_1515,2025-01-22,385.0,-608.3491171763021,7,False
PUTS_1DTE_1515,2025-01-23,350.0,-590.370203284593,7,False
PUTS_1DTE_1515,2025-01-24,-580.0,-588.7662486096108,7,False
PUTS_1DTE_1515,2025-01-27,430.0,-575.9201537411196,7,False
PUTS_1DTE_1515,2025-01-28,-590.0,-571.1599022811229,7,False
PUTS_1DTE_1515,2025-01-29,460.0,-582.5873641026865,7,False
PUTS_1DTE_1515,2025-01-30,-595.0,-581.6399567813386,7,False
PUTS_1DTE_1515,2025-01-31,-570.0,-582.6564928045258,7,False
PUTS_1DTE_1515,2025-02-03,420.0,-569.9489531352428,7,False
PUTS_1DTE_1515,2025-02-04,420.0,-566.1878888513836,7,False
PUTS_1DTE_1515,2025-02-05,405.0,-582.6815125589033,7,False
PUTS_1DTE_1515,2025-02-06,-610.0,-589.9958317155122,7,False
PUTS_1DTE_1515,2025-02-07,435.0,-576.1885986454278,7,False
PUTS_1DTE_1515,2025-02-10,230.0,-581.2789138241648,7,False
PUTS_1DTE_1515,2025-02-11,-590.0,-586.1361866239637,7,False
PUTS_1DTE_1515,2025-02-12,390.0,-584.5797539844632,7,False
PUTS_1DTE_1515,2025-02-13,355.0,-569.4803256019054,7,False
PUTS_1DTE_1515,2025-02-14,405.0,-589.0747783676787,7,False
PUTS_1DTE_1515,2025-02-18,380.0,-575.9503780255116,7,False
PUTS_1DTE_1515,2025-02-19,-650.0,-579.5652445266612,7,False
PUTS_1DTE_1515,2025-02-20,-645.0,-585.570741747835,7,False
PUTS_1DTE_1515,2025-02-21,-565.0,-576.2261432949771,7,False
PUTS_1DTE_1515,2025-02-24,-610.0,-570.8842092342505,7,False
PUTS_1DTE_1515,2025-02-25,-469.0,-573.6742011176655,7,False
PUTS_1DTE_1515,2025-02-26,-580.0,-567.5315996046709,7,False
PUTS_1DTE_1515,2025-02-27,430.0,-557.4491255419043,7,False
PUTS_1DTE_1515,2025-02-28,-585.0,-562.4912198093103,7,False
PUTS_1DTE_1515,2025-03-03,-560.0,-560.5594449647679,7,False
PUTS_1DTE_1515,2025-03-04,193.0,-561.737827798576,7,False
PUTS_1DTE_1515,2025-03-05,-560.0,-557.6969467694757,7,False
PUTS_1DTE_1515,2025-03-06,480.0,-554.1026651058754,7,False
PUTS_1DTE_1515,2025-03-07,-555.0,-556.6526651217084,7,False
PUTS_1DTE_1515,2025-03-10,-545.0,-549.2235179305733,7,False
PUTS_1DTE_1515,2025-03-11,-525.0,-566.6873746899179,7,False
PUTS_1DTE_1515,2025-03-12,-545.0,-552.1290011893082,7,False
PUTS_1DTE_1515,2025-03-13,450.0,-558.8962644101683,7,False
PUTS_1DTE_1515,2025-03-14,430.0,-568.4779923777845,7,False
PUTS_1DTE_1515,2025-03-17,-570.0,-565.6275481259372,7,False
PUTS_1DTE_1515,2025-03-18,475.0,-560.1274193119079,7,False
PUTS_1DTE_1515,2025-03-19,-590.0,-561.8862411343248,7,False
PUTS_1DTE_1515,2025-03-20,450.0,-563.2167341899217,7,False
PUTS_1DTE_1515,2025-03-21,450.0,-577.1887032914059,7,False
PUTS_1DTE_1515,2025-03-24,400.0,-561.9048100695011,7,False
PUTS_1DTE_1515,2025-03-25,-590.0,-578.1368982215041,7,False
PUTS_1DTE_1515,2025-03-26,-229.0,-577.0907755603704,7,False
PUTS_1DTE_1515,2025-03-27,-570.0,-583.6870513562902,7,False
PUTS_1DTE_1515,2025-03-28,460.0,-560.5794954455503,7,False
PUTS_1DTE_1515,2025-03-31,430.0,-564.080212572342,7,False
PUTS_1DTE_1515,2025-04-01,450.0,-555.5493720677752,7,False
PUTS_1DTE_1515,2025-04-02,-550.0,-561.4630801483245,7,False
PUTS_1DTE_1515,2025-04-03,-540.0,-549.7301360387603,7,False
PUTS_1DTE_1515,2025-04-04,-580.0,-548.9244782111329,7,False
PUTS_1DTE_1515,2025-04-07,-535.0,-559.2326839853521,7,False
PUTS_1DTE_1515,2025-04-08,455.0,-564.1459769825722,7,False
PUTS_1DTE_1515,2025-04-09,-550.0,-561.9060426080706,7,False
PUTS_1DTE_1515,2025-04-10,430.0,-548.9244782111329,7,False
PUTS_1DTE_1515,2025-04-11,460.0,-564.0283163902803,7,False
PUTS_1DTE_1515,2025-04-14,-575.0,-565.338539738095,7,False
PUTS_1DTE_1515,2025-04-15,-560.0,-550.8486626953486,7,False
PUTS_1DTE_1515,2025-04-16,450.0,-560.8117173611907,7,False
PUTS_1DTE_1515,2025-04-17,-540.0,-551.38474191109,7,False
PUTS_1DTE_1515,2025-04-21,450.0,-548.9244782111329,7,False
PUTS_1DTE_1515,2025-04-22,440.0,-565.1450853478873,7,False
PUTS_1DTE_1515,2025-04-23,445.0,-559.117519820611,7,False
PUTS_1DTE_1515,2025-04-24,420.0,-556.4124813345182,7,False
PUTS_1DTE_1515,2025-04-25,435.0,-556.2607813875771,7,False
PUTS_1DTE_1515,2025-04-28,430.0,-562.686303301114,7,False
PUTS_1DTE_1515,2025-04-29,420.0,-561.3467767976274,7,False
PUTS_1DTE_1515,2025-04-30,435.0,-559.1059468362924,7,False
PUTS_1DTE_1515,2025-05-01,430.0,-569.7574125045213,7,False
PUTS_1DTE_1515,2025-05-02,-585.0,-565.8696944821484,7,False
PUTS_1DTE_1515,2025-05-05,-580.0,-560.6746266932797,7,False
PUTS_1DTE_1515,2025-05-06,460.0,-550.6012476033306,7,False
PUTS_1DTE_1515,2025-05-07,435.0,-570.9839530721028,7,False
PUTS_1DTE_1515,2025-05-08,-580.0,-565.8837904865613,7,False
PUTS_1DTE_1515,2025-05-09,480.0,-559.0966331670435,7,False
PUTS_1DTE_1515,2025-05-12,420.0,-582.9445748457294,7,False
PUTS_1DTE_1515,2025-05-13,-560.0,-573.9399224535193,7,False
PUTS_1DTE_1515,2025-05-14,410.0,-582.9755920945004,7,False
PUTS_1DTE_1515,2025-05-15,400.0,-568.8483440127874,7,False
PUTS_1DTE_1515,2025-05-16,420.0,-579.9242964730416,7,False
PUTS_1DTE_1515,2025-05-19,-554.0,-571.45742808385,8,False
PUTS_1DTE_1515,2025-05-20,-560.0,-584.5724673274128,8,False
PUTS_1DTE_1515,2025-05-21,-349.0,-577.145503351384,8,False
PUTS_1DTE_1515,2025-05-22,-580.0,-577.6589836901461,8,False
PUTS_1DTE_1515,2025-05-23,430.0,-567.5306007152412,8,False
PUTS_1DTE_1515,2025-05-27,-590.0,-577.0645182992724,8,False
PUTS_1DTE_1515,2025-05-28,450.0,-567.52491313828,8,False
PUTS_1DTE_1515,2025-05-29,460.0,-568.8049279946824,8,False
PUTS_1DTE_1515,2025-05-30,450.0,-583.0986605184123,8,False
PUTS_1DTE_1515,2025-06-02,415.0,-578.1030020314505,8,False
PUTS_1DTE_1515,2025-06-03,400.0,-535.8024084444457,8,False
PUTS_1DTE_1515,2025-06-04,-605.0,-573.6072008257531,8,False
PUTS_1DTE_1515,2025-06-05,435.0,-575.1839829606399,8,False
PUTS_1DTE_1515,2025-06-06,28.0,-594.6352436541223,8,False
PUTS_1DTE_1515,2025-06-09,430.0,-600.7814435749907,8,False
PUTS_1DTE_1515,2025-06-10,-555.0,-563.8605602360303,8,False
PUTS_1DTE_1515,2025-06-11,420.0,-581.4408298480029,8,False
PUTS_1DTE_1515,2025-06-12,-630.0,-583.2442685437329,8,False
PUTS_1DTE_1515,2025-06-13,410.0,-579.090961068123,8,False
PUTS_1DTE_1515,2025-06-16,-630.0,-567.3104215656086,8,False
PUTS_1DTE_1515,2025-06-17,-13.0,-566.2594888955584,8,False
PUTS_1DTE_1515,2025-06-18,-595.0,-521.4556336418738,8,False
PUTS_1DTE_1515,2025-06-20,420.0,-572.4296163940433,8,False
PUTS_1DTE_1515,2025-06-23,390.0,-502.24786797349884,8,True
PUTS_1DTE_1515,2025-06-24,-414.0,-575.9101874785287,8,False
PUTS_1DTE_1515,2025-06-25,375.0,-610.5869920557113,8,False
PUTS_1DTE_1515,2025-06-26,395.0,-578.7825081705831,8,False
PUTS_1DTE_1515,2025-06-27,420.0,-586.5915703670951,8,False
PUTS_1DTE_1515,2025-06-30,241.0,-579.5107643551868,8,False
PUTS_1DTE_1515,2025-07-01,410.0,-612.47616364434,8,False
PUTS_1DTE_1515,2025-07-02,395.0,-593.7248450288669,8,False
PUTS_1DTE_1515,2025-07-07,405.0,-576.6024730367889,8,False
PUTS_1DTE_1515,2025-07-08,405.0,-592.7510545530273,8,False
PUTS_1DTE_1515,2025-07-09,425.0,-600.2379382822407,8,False
PUTS_1DTE_1515,2025-07-10,-630.0,-598.1877365140309,8,False
PUTS_1DTE_1515,2025-07-11,410.0,-608.1888675791685,8,False
PUTS_1DTE_1515,2025-07-14,-600.0,-605.8537654472052,8,False
PUTS_1DTE_1515,2025-07-15,390.0,-579.7095299169448,8,False
PUTS_1DTE_1515,2025-07-16,390.0,-597.9767593295799,8,False
PUTS_1DTE_1515,2025-07-17,-431.0,-551.3154760339158,8,False
PUTS_1DTE_1515,2025-07-18,405.0,-583.252220921288,8,False
PUTS_1DTE_1515,2025-07-21,-178.0,-518.4575299204059,8,False
PUTS_1DTE_1515,2025-07-22,370.0,-605.5210391523303,8,False
PUTS_1DTE_1515,2025-07-23,410.0,-583.8167428124391,8,False
PUTS_1DTE_1515,2025-07-24,365.0,-595.6443259386795,8,False
PUTS_1DTE_1515,2025-07-25,-550.0,-557.0104221192207,8,False
PUTS_1DTE_1515,2025-07-28,-529.0,-590.9666686764291,8,False
PUTS_1DTE_1515,2025-07-29,-610.0,-590.4576321512772,8,False
PUTS_1DTE_1515,2025-07-30,-575.0,-594.0701187142787,8,False
PUTS_1DTE_1515,2025-07-31,-590.0,-579.9735977940146,8,False
PUTS_1DTE_1515,2025-08-01,395.0,-571.2052772606794,8,False
PUTS_1DTE_1515,2025-08-04,-625.0,-572.7061400558458,8,False
PUTS_1DTE_1515,2025-08-05,415.0,-584.2558080523655,8,False
PUTS_1DTE_1515,2025-08-06,-145.0,-586.6653652558365,8,False
PUTS_1DTE_1515,2025-08-07,380.0,-568.6773124528066,8,False
PUTS_1DTE_1515,2025-08-08,-560.0,-564.3930533330815,8,False
PUTS_1DTE_1515,2025-08-11,395.0,-598.5445687531324,8,False
PUTS_1DTE_1515,2025-08-12,370.0,-555.0787242129667,8,False
PUTS_1DTE_1515,2025-08-13,380.0,-568.6569588251609,8,False
PUTS_1DTE_1515,2025-08-14,-655.0,-613.1702089927303,8,False
PUTS_1DTE_1515,2025-08-15,-560.0,-585.7828597100579,8,False
PUTS_1DTE_1515,2025-08-18,-580.0,-589.9030834369258,8,False
PUTS_1DTE_1515,2025-08-19,-502.0,-594.5301861195136,8,False
PUTS_1DTE_1515,2025-08-20,-620.0,-628.35136048108,8,False
PUTS_1DTE_1515,2025-08-21,420.0,-605.9035686688933,8,False
PUTS_1DTE_1515,2025-08-22,-600.0,-576.8576628853943,8,False
PUTS_1DTE_1515,2025-08-25,400.0,-588.9052291171374,8,False
PUTS_1DTE_1515,2025-08-26,390.0,-609.3258056352056,8,False
PUTS_1DTE_1515,2025-08-27,405.0,-606.3336080443621,8,False
PUTS_1DTE_1515,2025-08-28,-655.0,-583.574529080993,8,False
PUTS_1DTE_1515,2025-08-29,-600.0,-621.9273826430599,8,False
PUTS_1DTE_1515,2025-09-02,400.0,-573.1177909730283,8,False
PUTS_1DTE_1515,2025-09-03,390.0,-571.7001176661241,8,False
PUTS_1DTE_1515,2025-09-04,-610.0,-550.7450553681509,8,False
PUTS_1DTE_1515,2025-09-05,400.0,-594.1097862075158,8,False
PUTS_1DTE_1515,2025-09-08,360.0,-593.7570469481686,8,False
PUTS_1DTE_1515,2025-09-09,360.0,-579.9317370721227,8,False
PUTS_1DTE_1515,2025-09-10,400.0,-586.5695683358736,8,False
PUTS_1DTE_1515,2025-09-11,249.0,-559.7358973160384,8,False
PUTS_1DTE_1515,2025-09-12,375.0,-582.2371894673489,8,False
PUTS_1DTE_1515,2025-09-15,56.0,-596.9834996880627,8,False
PUTS_1DTE_1515,2025-09-16,-590.0,-586.7905960368442,8,False
